crewId,taskId,isDDH
Crew_10816,ddh_101576,1
Crew_10816,ddh_100072,1
Crew_10816,Flt_101715,0
Crew_10816,Flt_101940,0
Crew_10816,Flt_101941,0
Crew_10816,Flt_102132,0
Crew_10816,Flt_100475,0
Crew_10816,Flt_100261,0
Crew_10816,Flt_101442,0
Crew_11494,Flt_101362,0
Crew_11494,Flt_100651,0
Crew_11494,Flt_101037,0
Crew_11494,Flt_102312,0
Crew_11494,Flt_102313,0
Crew_11494,Flt_100485,0
Crew_11494,Flt_100914,0
Crew_11494,Flt_101825,0
Crew_11494,Flt_100567,0
Crew_11494,Flt_101092,0
Crew_11494,Flt_100494,0
Crew_11494,Flt_101269,0
Crew_11494,Flt_100824,0
Crew_11494,Flt_100812,0
Crew_11494,Flt_100384,0
Crew_10179,Flt_101066,0
Crew_10179,Flt_102298,0
Crew_10179,Flt_101622,0
Crew_10179,Flt_101483,1
Crew_10179,ddh_100009,1
Crew_10179,Flt_105857,0
Crew_10179,Flt_104354,0
Crew_10179,ddh_100100,1
Crew_10338,Flt_101640,0
Crew_10338,Flt_100983,0
Crew_10338,Flt_100899,0
Crew_10338,Flt_102087,1
Crew_10338,Flt_101301,0
Crew_10338,Flt_101448,0
Crew_12083,Flt_100648,0
Crew_12083,Flt_100508,0
Crew_12083,Flt_101329,0
Crew_12083,Flt_101330,0
Crew_12083,Flt_101943,0
Crew_12083,Flt_100607,0
Crew_12083,Flt_101285,0
Crew_12083,Flt_101013,0
Crew_12083,Flt_101310,0
Crew_12083,Flt_102030,0
Crew_12083,Flt_102098,0
Crew_12083,Flt_102063,0
Crew_12083,Flt_100886,0
Crew_12083,Flt_100969,0
Crew_12083,Flt_100970,0
Crew_12083,Flt_102398,1
Crew_12458,ddh_100072,1
Crew_12458,Flt_100399,0
Crew_12458,Flt_101271,0
Crew_12458,Flt_100252,0
Crew_12458,Flt_101716,0
Crew_12458,Flt_104677,0
Crew_12458,Flt_103583,0
Crew_12458,Flt_106515,0
Crew_12458,ddh_100432,1
Crew_11721,Flt_101694,0
Crew_11721,Flt_100386,0
Crew_11721,Flt_101695,0
Crew_11721,Flt_101838,0
Crew_11721,Flt_101741,0
Crew_11721,Flt_100351,0
Crew_11721,Flt_101876,0
Crew_11721,Flt_100702,0
Crew_11721,Flt_102024,0
Crew_11721,Flt_102089,0
Crew_11721,Flt_100776,0
Crew_11721,Flt_101229,0
Crew_11721,Flt_102120,0
Crew_11721,Flt_101604,0
Crew_11721,Flt_100807,0
Crew_11721,Flt_100740,0
Crew_11721,ddh_100136,1
Crew_11721,Flt_106168,0
Crew_11721,ddh_100620,1
Crew_12039,Flt_100682,0
Crew_12039,Flt_100247,0
Crew_12039,Flt_102498,0
Crew_12039,Flt_104715,0
Crew_12039,Flt_102872,0
Crew_12039,Flt_104363,0
Crew_12039,Flt_105099,0
Crew_12039,Flt_103290,1
Crew_12039,ddh_100857,1
Crew_10318,ddh_101596,1
Crew_10318,Flt_100868,1
Crew_10318,Flt_100939,0
Crew_10318,Flt_101943,1
Crew_10318,Flt_101449,1
Crew_10318,Flt_102239,0
Crew_10318,Flt_100778,1
Crew_11378,ddh_100083,1
Crew_11378,Flt_100897,0
Crew_11378,Flt_101498,0
Crew_11378,Flt_102039,0
Crew_11378,Flt_101899,0
Crew_11378,Flt_101434,0
Crew_11378,Flt_101059,0
Crew_10446,ddh_100072,1
Crew_10446,Flt_101672,0
Crew_10446,Flt_101538,0
Crew_10446,Flt_100502,0
Crew_10446,Flt_101403,0
Crew_10446,ddh_100163,1
Crew_10446,Flt_102412,0
Crew_10446,Flt_105003,0
Crew_10446,Flt_105065,0
Crew_10446,Flt_105446,0
Crew_10446,Flt_105098,0
Crew_10446,ddh_101051,1
Crew_11519,Flt_101406,1
Crew_11519,Flt_100797,0
Crew_11519,Flt_100522,0
Crew_11519,Flt_100324,0
Crew_11519,Flt_100626,0
Crew_11519,Flt_101083,0
Crew_11519,Flt_105843,0
Crew_11519,Flt_103631,0
Crew_10572,Flt_102195,0
Crew_10572,Flt_101184,0
Crew_10572,Flt_101864,0
Crew_10572,Flt_100343,0
Crew_10572,Flt_101132,0
Crew_10572,Flt_102087,0
Crew_10572,Flt_101321,0
Crew_10572,Flt_101669,0
Crew_11094,ddh_100454,1
Crew_11094,ddh_102051,1
Crew_11094,Flt_102136,0
Crew_11094,Flt_102209,0
Crew_11094,Flt_102125,1
Crew_11094,Flt_101103,0
Crew_11094,Flt_106483,0
Crew_11094,Flt_106560,0
Crew_11094,Flt_104645,0
Crew_11094,Flt_103199,0
Crew_11094,ddh_101490,1
Crew_10146,Flt_101654,0
Crew_10146,Flt_101579,0
Crew_10146,Flt_100633,0
Crew_10146,Flt_101011,0
Crew_10146,Flt_101942,0
Crew_10146,Flt_101918,0
Crew_10146,ddh_102235,1
Crew_10146,Flt_104639,0
Crew_10146,Flt_105070,1
Crew_12580,ddh_101331,1
Crew_12580,Flt_101625,0
Crew_12580,Flt_102139,0
Crew_12580,Flt_100398,0
Crew_12580,Flt_104621,0
Crew_12580,Flt_105760,0
Crew_12580,Flt_105070,0
Crew_12580,Flt_104007,0
Crew_12580,ddh_100994,1
Crew_10136,Flt_101491,0
Crew_10136,Flt_100465,0
Crew_10136,Flt_101054,0
Crew_10136,Flt_101802,0
Crew_10136,Flt_101223,0
Crew_10136,Flt_101745,0
Crew_10136,Flt_100629,0
Crew_10136,Flt_101157,0
Crew_10136,Flt_100634,0
Crew_10136,Flt_100587,0
Crew_10136,Flt_101261,0
Crew_10136,Flt_101616,0
Crew_10136,Flt_101348,0
Crew_10136,Flt_101262,1
Crew_11457,ddh_100268,1
Crew_11457,Flt_101781,0
Crew_11457,Flt_101505,1
Crew_11457,Flt_101289,0
Crew_11457,Flt_101582,1
Crew_11457,Flt_100665,0
Crew_10461,ddh_100069,1
Crew_10461,Flt_104688,0
Crew_10461,Flt_105055,0
Crew_10913,Flt_101804,0
Crew_10913,Flt_100713,0
Crew_10913,Flt_100945,0
Crew_10913,Flt_101976,1
Crew_12086,Flt_101140,0
Crew_12086,Flt_100908,0
Crew_12086,Flt_100280,0
Crew_12086,Flt_101228,0
Crew_12086,Flt_101492,0
Crew_12086,Flt_100829,0
Crew_12086,Flt_103157,0
Crew_12086,Flt_102401,0
Crew_11371,ddh_101264,1
Crew_11371,Flt_100449,1
Crew_11371,Flt_100576,0
Crew_11371,Flt_100812,1
Crew_11371,Flt_101355,0
Crew_11371,Flt_104230,0
Crew_11371,Flt_105466,0
Crew_11371,Flt_103997,0
Crew_11371,ddh_100286,1
Crew_10206,Flt_100679,0
Crew_10206,Flt_101632,0
Crew_10206,Flt_101633,0
Crew_10206,Flt_101383,0
Crew_10206,Flt_100269,0
Crew_10206,Flt_102014,0
Crew_10206,Flt_102180,0
Crew_10206,Flt_102107,0
Crew_10206,Flt_102328,0
Crew_10206,Flt_100791,0
Crew_10206,Flt_101714,0
Crew_10206,Flt_101790,0
Crew_10206,Flt_101596,0
Crew_11678,Flt_100770,0
Crew_11678,Flt_100418,0
Crew_11678,Flt_101587,0
Crew_11678,Flt_101766,0
Crew_11678,Flt_101852,0
Crew_11678,Flt_100686,0
Crew_11678,Flt_106477,0
Crew_11678,Flt_102436,0
Crew_11678,ddh_100148,1
Crew_12433,Flt_100262,0
Crew_12433,Flt_101141,0
Crew_12433,Flt_100986,0
Crew_12433,Flt_101973,0
Crew_12433,Flt_102034,0
Crew_12433,Flt_101389,0
Crew_12433,Flt_101919,0
Crew_12433,Flt_100745,0
Crew_12433,Flt_101546,0
Crew_12433,Flt_101547,0
Crew_12433,ddh_100097,1
Crew_11192,Flt_104316,0
Crew_11192,Flt_106550,0
Crew_11192,Flt_102889,0
Crew_11192,Flt_104319,0
Crew_11192,Flt_103244,0
Crew_11192,ddh_100857,1
Crew_11176,Flt_100449,0
Crew_11176,Flt_100576,1
Crew_11176,Flt_101203,0
Crew_11176,Flt_101713,0
Crew_11176,Flt_102146,0
Crew_11176,Flt_102064,1
Crew_11176,Flt_105475,0
Crew_11176,Flt_103629,0
Crew_11176,Flt_105849,0
Crew_11176,Flt_104005,0
Crew_11176,Flt_102883,0
Crew_11176,Flt_103957,0
Crew_11176,Flt_102511,0
Crew_11176,Flt_105853,0
Crew_11176,ddh_100169,1
Crew_10999,Flt_101010,0
Crew_10999,Flt_101963,0
Crew_10999,Flt_101308,0
Crew_10999,Flt_101255,0
Crew_10999,Flt_101183,0
Crew_10999,Flt_101610,0
Crew_10999,Flt_101341,1
Crew_10999,Flt_104995,0
Crew_10999,Flt_104250,0
Crew_10999,Flt_105392,0
Crew_10999,Flt_103594,0
Crew_10999,Flt_102483,0
Crew_10999,Flt_104328,1
Crew_11112,Flt_100314,0
Crew_11112,Flt_100518,0
Crew_11112,Flt_101025,0
Crew_11112,Flt_101975,0
Crew_11112,Flt_100616,0
Crew_11112,Flt_102077,0
Crew_11112,Flt_100911,0
Crew_11112,Flt_100541,0
Crew_11112,Flt_101099,0
Crew_11112,Flt_101826,0
Crew_11112,Flt_102090,0
Crew_11112,Flt_100628,0
Crew_11112,Flt_101270,0
Crew_11112,Flt_100675,0
Crew_11112,Flt_101626,0
Crew_11112,Flt_102064,0
Crew_11112,ddh_100097,1
Crew_12100,ddh_100642,1
Crew_12100,ddh_100578,1
Crew_12100,ddh_100979,1
Crew_12100,Flt_101707,0
Crew_12100,Flt_100321,0
Crew_12100,Flt_102206,0
Crew_12100,Flt_102207,1
Crew_12100,Flt_102315,1
Crew_12100,Flt_100477,1
Crew_12100,Flt_101889,1
Crew_12100,Flt_100955,1
Crew_12100,Flt_101196,1
Crew_12100,Flt_106205,1
Crew_12136,ddh_101808,1
Crew_12136,ddh_100323,1
Crew_12136,ddh_101037,1
Crew_12136,Flt_102050,0
Crew_12136,Flt_102009,0
Crew_12136,Flt_101213,0
Crew_12136,Flt_101944,0
Crew_12136,Flt_101587,1
Crew_12136,Flt_101766,1
Crew_12136,Flt_102143,1
Crew_12136,ddh_100078,1
Crew_12136,ddh_100149,1
Crew_11156,Flt_100997,0
Crew_11156,Flt_100482,0
Crew_11156,Flt_101537,0
Crew_11156,Flt_101590,0
Crew_11156,Flt_100919,0
Crew_11156,Flt_102040,0
Crew_11156,Flt_101247,0
Crew_11156,Flt_102255,0
Crew_11156,Flt_102890,0
Crew_11156,Flt_103243,0
Crew_11156,ddh_100100,1
Crew_12216,Flt_101420,0
Crew_12216,Flt_101477,0
Crew_12216,Flt_101481,0
Crew_12216,Flt_101047,0
Crew_12216,Flt_102179,0
Crew_12216,Flt_100496,0
Crew_12216,Flt_100761,0
Crew_12216,Flt_100762,0
Crew_12216,Flt_101060,0
Crew_12216,Flt_100978,0
Crew_12216,Flt_105459,0
Crew_12216,Flt_106221,0
Crew_12216,Flt_104351,0
Crew_12216,Flt_103270,1
Crew_10277,Flt_101514,0
Crew_10277,Flt_101957,0
Crew_10277,Flt_100277,0
Crew_10277,Flt_101664,0
Crew_10277,Flt_100715,0
Crew_10277,Flt_101232,0
Crew_10277,Flt_101114,0
Crew_10277,Flt_100580,0
Crew_10277,Flt_101844,0
Crew_10277,Flt_102805,0
Crew_10277,Flt_105361,0
Crew_10963,Flt_100814,0
Crew_10963,Flt_101811,0
Crew_10963,Flt_100915,0
Crew_10963,Flt_101515,0
Crew_10963,Flt_100710,0
Crew_10963,Flt_100488,0
Crew_10963,Flt_101990,0
Crew_10963,Flt_101778,0
Crew_10963,Flt_102398,1
Crew_11039,ddh_102105,1
Crew_11039,Flt_100935,0
Crew_11039,Flt_100862,0
Crew_11039,Flt_100863,0
Crew_11039,Flt_102015,0
Crew_11039,Flt_100539,0
Crew_11039,Flt_102016,0
Crew_11039,Flt_101208,1
Crew_11039,ddh_100047,1
Crew_11039,Flt_102420,0
Crew_11039,Flt_103921,0
Crew_11039,Flt_105454,0
Crew_11039,Flt_102499,0
Crew_11039,Flt_104342,0
Crew_11039,ddh_100847,1
Crew_11510,ddh_100642,1
Crew_11510,ddh_100578,1
Crew_11510,ddh_101146,1
Crew_11510,Flt_100668,0
Crew_11510,Flt_100669,1
Crew_11510,Flt_101953,0
Crew_11510,ddh_100046,1
Crew_11510,Flt_106477,1
Crew_11510,Flt_105779,1
Crew_11510,ddh_100068,1
Crew_11510,ddh_100168,1
Crew_11510,ddh_100069,1
Crew_11510,Flt_104356,1
Crew_11510,ddh_100432,1
Crew_12508,Flt_101462,0
Crew_12508,Flt_100936,0
Crew_12508,Flt_100575,0
Crew_12508,Flt_101594,0
Crew_12508,Flt_101639,0
Crew_12508,Flt_101794,0
Crew_12508,Flt_100255,0
Crew_12508,Flt_100687,0
Crew_12508,Flt_102028,0
Crew_12508,Flt_101819,0
Crew_12508,Flt_100787,0
Crew_12508,Flt_101158,0
Crew_12508,Flt_100408,0
Crew_12508,Flt_102290,0
Crew_12508,Flt_100591,0
Crew_12508,Flt_101048,0
Crew_11719,ddh_100642,1
Crew_11719,ddh_100578,1
Crew_11719,ddh_101146,1
Crew_11719,ddh_100406,1
Crew_11719,Flt_100971,0
Crew_11719,Flt_101677,1
Crew_11719,Flt_100704,0
Crew_11719,Flt_100848,0
Crew_11719,Flt_100849,0
Crew_11719,Flt_101154,1
Crew_11719,ddh_100066,1
Crew_11719,Flt_102285,1
Crew_11719,ddh_101580,1
Crew_11719,ddh_100068,1
Crew_11719,ddh_100168,1
Crew_10218,Flt_101491,1
Crew_10218,Flt_100303,0
Crew_10218,Flt_101541,0
Crew_10218,Flt_101212,0
Crew_10218,Flt_100604,0
Crew_10218,Flt_102297,0
Crew_10218,Flt_100287,0
Crew_10218,Flt_101162,0
Crew_10218,Flt_101699,0
Crew_10218,Flt_100391,0
Crew_10218,Flt_100957,0
Crew_10218,ddh_100097,1
Crew_12427,ddh_100516,1
Crew_12427,Flt_101425,0
Crew_12427,Flt_100872,0
Crew_12427,Flt_100948,0
Crew_12427,Flt_102165,0
Crew_12427,Flt_100621,0
Crew_12427,Flt_102183,0
Crew_12427,Flt_101588,0
Crew_11475,Flt_101273,0
Crew_11475,Flt_100597,0
Crew_11475,Flt_106513,0
Crew_11475,Flt_103894,0
Crew_11475,Flt_102404,0
Crew_11475,Flt_105503,0
Crew_11475,Flt_102905,0
Crew_11475,Flt_105104,0
Crew_11475,Flt_103948,0
Crew_11475,Flt_106175,0
Crew_12126,ddh_101454,1
Crew_12126,Flt_101056,0
Crew_12126,Flt_101033,0
Crew_12126,Flt_100456,0
Crew_12126,Flt_101638,1
Crew_12126,Flt_100640,0
Crew_12126,Flt_100288,0
Crew_12126,Flt_100724,0
Crew_12126,Flt_102496,0
Crew_12126,Flt_105817,0
Crew_12126,ddh_100857,1
Crew_10966,Flt_101629,1
Crew_10966,Flt_102286,0
Crew_10966,Flt_101938,0
Crew_10966,Flt_101634,0
Crew_10966,ddh_100084,1
Crew_10966,Flt_100565,0
Crew_10966,Flt_101765,0
Crew_10966,Flt_101429,0
Crew_10966,Flt_101430,0
Crew_12097,ddh_100642,1
Crew_12097,ddh_100578,1
Crew_12097,ddh_101146,1
Crew_12097,ddh_100064,1
Crew_12097,ddh_100164,1
Crew_12097,ddh_100045,1
Crew_12097,ddh_100096,1
Crew_12097,Flt_102291,1
Crew_12097,Flt_104263,1
Crew_12097,Flt_103266,1
Crew_12097,Flt_104328,1
Crew_12097,ddh_100069,1
Crew_12097,ddh_100169,1
Crew_11751,Flt_101649,0
Crew_11751,Flt_102223,1
Crew_11751,Flt_100437,1
Crew_11751,Flt_100954,0
Crew_11751,ddh_101880,1
Crew_11751,Flt_103190,0
Crew_11751,Flt_102850,1
Crew_11751,Flt_105818,1
Crew_11288,ddh_101044,1
Crew_11288,Flt_102199,0
Crew_11288,Flt_101042,0
Crew_11288,Flt_102272,0
Crew_11288,Flt_101796,0
Crew_11288,Flt_101209,0
Crew_11288,Flt_101063,0
Crew_11288,Flt_101210,0
Crew_11288,Flt_101761,0
Crew_11288,Flt_101021,0
Crew_11288,Flt_101169,0
Crew_11288,Flt_101895,0
Crew_11288,Flt_102069,0
Crew_11288,Flt_101717,0
Crew_12073,Flt_100459,0
Crew_12073,Flt_101705,0
Crew_12073,Flt_102081,0
Crew_12073,Flt_100618,0
Crew_12073,Flt_102251,0
Crew_12073,Flt_100934,0
Crew_12073,Flt_102047,0
Crew_12073,Flt_100808,0
Crew_10760,Flt_101566,1
Crew_10760,Flt_100341,0
Crew_10760,Flt_102223,0
Crew_10760,Flt_101085,0
Crew_10760,Flt_100430,0
Crew_10760,Flt_100740,1
Crew_10760,Flt_101252,0
Crew_10760,Flt_101111,0
Crew_10760,Flt_103193,1
Crew_10760,Flt_103161,0
Crew_10760,ddh_100098,1
Crew_11876,Flt_102254,0
Crew_11876,Flt_101325,0
Crew_11876,Flt_101246,0
Crew_11876,Flt_106152,0
Crew_11876,Flt_105895,0
Crew_11876,Flt_103231,0
Crew_11876,Flt_106196,0
Crew_11876,Flt_104743,0
Crew_11509,Flt_100746,0
Crew_11509,Flt_102273,0
Crew_11509,Flt_100515,0
Crew_11509,Flt_101475,1
Crew_11509,Flt_102567,0
Crew_11509,Flt_104042,0
Crew_11509,Flt_105094,0
Crew_11509,Flt_102891,0
Crew_11509,Flt_104316,1
Crew_11509,Flt_103259,0
Crew_11509,Flt_103617,0
Crew_11509,Flt_102875,0
Crew_11509,ddh_101490,1
Crew_11630,Flt_101386,0
Crew_11630,Flt_100271,0
Crew_11630,Flt_102182,0
Crew_11630,Flt_101671,0
Crew_11630,ddh_100069,1
Crew_11630,Flt_105049,0
Crew_11630,Flt_102473,0
Crew_11630,ddh_100169,1
Crew_10967,Flt_100986,1
Crew_10967,Flt_101305,1
Crew_10967,Flt_101450,0
Crew_10967,Flt_101756,0
Crew_10967,Flt_100627,0
Crew_10967,Flt_102129,0
Crew_10967,Flt_100880,0
Crew_10967,Flt_100822,0
Crew_10967,Flt_102268,1
Crew_10967,Flt_105400,0
Crew_10967,Flt_105779,0
Crew_12196,Flt_101175,0
Crew_12196,Flt_102043,0
Crew_12196,Flt_101795,0
Crew_12196,Flt_100981,0
Crew_12196,Flt_100719,0
Crew_12196,Flt_100558,0
Crew_12196,Flt_101711,0
Crew_12196,Flt_100595,0
Crew_12196,Flt_104687,0
Crew_12196,Flt_102478,0
Crew_12196,Flt_104729,0
Crew_12196,ddh_102119,1
Crew_12132,Flt_102155,0
Crew_12132,Flt_101563,1
Crew_12132,Flt_101964,0
Crew_12132,Flt_100554,0
Crew_12132,Flt_101327,0
Crew_12132,Flt_101903,0
Crew_12132,Flt_106481,0
Crew_12132,Flt_105749,0
Crew_12132,Flt_103895,0
Crew_12132,Flt_105425,1
Crew_10424,Flt_101254,0
Crew_10424,Flt_101915,0
Crew_10424,Flt_100811,0
Crew_10424,Flt_101253,0
Crew_10424,Flt_100910,0
Crew_10424,Flt_101638,0
Crew_10424,Flt_100413,0
Crew_10424,Flt_101062,0
Crew_10424,Flt_100641,0
Crew_10424,Flt_101151,0
Crew_10424,Flt_101926,0
Crew_10424,Flt_100392,0
Crew_10424,Flt_100504,0
Crew_10424,Flt_100865,0
Crew_10424,ddh_100097,1
Crew_12134,Flt_100250,0
Crew_12134,Flt_102149,0
Crew_12134,Flt_102125,0
Crew_12134,Flt_100279,0
Crew_12134,Flt_100711,0
Crew_12134,Flt_100775,0
Crew_12134,Flt_100429,0
Crew_12134,Flt_102119,0
Crew_12134,Flt_101110,0
Crew_12134,Flt_102264,0
Crew_12134,Flt_101545,1
Crew_11483,Flt_100380,0
Crew_11483,Flt_101339,0
Crew_11483,Flt_102269,0
Crew_11483,Flt_101182,0
Crew_11483,Flt_102163,0
Crew_11483,Flt_100542,0
Crew_11483,Flt_102019,0
Crew_11483,Flt_100994,0
Crew_11483,Flt_102078,1
Crew_11483,Flt_100794,0
Crew_11483,Flt_102316,0
Crew_11483,Flt_101007,0
Crew_11355,Flt_101259,0
Crew_11355,Flt_100458,0
Crew_11355,Flt_101369,0
Crew_11355,Flt_102002,0
Crew_11355,Flt_102094,0
Crew_11355,Flt_101233,0
Crew_11355,Flt_100818,0
Crew_11355,Flt_101718,0
Crew_11355,ddh_100147,1
Crew_10319,Flt_101245,0
Crew_10319,Flt_102253,0
Crew_10319,Flt_101595,0
Crew_10319,Flt_101172,0
Crew_10319,Flt_101566,0
Crew_10319,Flt_102072,0
Crew_10319,Flt_101567,0
Crew_10319,Flt_101217,0
Crew_10319,Flt_101968,0
Crew_10319,Flt_101586,0
Crew_10163,Flt_101935,1
Crew_10163,Flt_100655,0
Crew_10163,Flt_101955,0
Crew_10163,Flt_100571,0
Crew_10163,ddh_100105,1
Crew_10163,Flt_101622,1
Crew_10163,Flt_101483,0
Crew_11478,ddh_100072,1
Crew_11478,Flt_101855,0
Crew_11478,Flt_100973,0
Crew_11478,Flt_101856,0
Crew_11478,Flt_101857,0
Crew_11478,Flt_101734,0
Crew_11478,Flt_100991,0
Crew_11478,Flt_101074,0
Crew_11478,Flt_101951,0
Crew_11478,Flt_101320,0
Crew_11478,Flt_102237,0
Crew_11478,Flt_101447,0
Crew_11478,Flt_102085,0
Crew_10280,Flt_101027,0
Crew_10280,Flt_102257,0
Crew_10280,Flt_101251,0
Crew_10280,Flt_100738,1
Crew_10280,Flt_100764,0
Crew_10280,Flt_100338,0
Crew_10280,Flt_101561,0
Crew_10280,Flt_102294,0
Crew_10280,Flt_100647,0
Crew_10280,Flt_101326,0
Crew_10280,Flt_100450,1
Crew_10280,Flt_102398,1
Crew_11651,ddh_100595,1
Crew_11651,Flt_102261,0
Crew_11651,Flt_100579,0
Crew_11651,Flt_101777,0
Crew_11651,Flt_101946,0
Crew_11651,Flt_101736,0
Crew_11651,Flt_100845,0
Crew_11651,Flt_101374,0
Crew_11651,Flt_102243,0
Crew_11651,Flt_101820,0
Crew_11651,Flt_101317,0
Crew_11331,ddh_100043,1
Crew_11331,Flt_100700,0
Crew_11331,Flt_100772,0
Crew_11331,Flt_101821,0
Crew_11331,Flt_102248,0
Crew_11331,Flt_100519,0
Crew_11331,Flt_100316,0
Crew_11331,Flt_100960,0
Crew_11331,Flt_103920,1
Crew_12501,Flt_101789,0
Crew_12501,Flt_100529,0
Crew_12501,Flt_100758,1
Crew_12501,Flt_101513,0
Crew_12501,Flt_102020,0
Crew_12501,Flt_100276,0
Crew_12501,Flt_102231,0
Crew_12501,Flt_101096,0
Crew_12501,Flt_100289,0
Crew_12501,Flt_100726,0
Crew_12501,Flt_101771,0
Crew_12501,Flt_102046,0
Crew_12501,Flt_101911,0
Crew_12501,Flt_101772,0
Crew_12501,Flt_101052,1
Crew_12501,ddh_100489,1
Crew_12501,Flt_103269,0
Crew_10528,ddh_100686,1
Crew_10528,Flt_102135,0
Crew_10528,Flt_101994,0
Crew_10528,Flt_100650,0
Crew_10528,Flt_102001,0
Crew_10528,Flt_101495,0
Crew_10528,ddh_100189,1
Crew_11451,ddh_100516,1
Crew_11451,Flt_101478,0
Crew_11451,Flt_101479,0
Crew_11451,Flt_100881,0
Crew_11451,Flt_101569,0
Crew_11451,Flt_101219,0
Crew_11451,Flt_100349,0
Crew_11451,Flt_100615,0
Crew_11451,Flt_102168,0
Crew_11451,Flt_100431,0
Crew_11451,Flt_104281,1
Crew_11451,Flt_105862,0
Crew_11451,Flt_102520,0
Crew_11451,ddh_101490,1
Crew_10222,ddh_100141,1
Crew_10222,ddh_100022,1
Crew_10222,Flt_101980,0
Crew_10222,Flt_101867,0
Crew_10222,Flt_104641,1
Crew_10222,Flt_105077,1
Crew_10222,Flt_105829,0
Crew_10222,Flt_102511,1
Crew_10222,Flt_104346,0
Crew_12455,Flt_101343,0
Crew_12455,Flt_101470,0
Crew_12455,Flt_101069,0
Crew_12455,Flt_100769,0
Crew_12455,Flt_101861,0
Crew_12455,Flt_100979,1
Crew_12455,Flt_101002,0
Crew_12455,Flt_100852,0
Crew_12455,Flt_100820,1
Crew_12455,Flt_100586,0
Crew_12455,Flt_100517,0
Crew_12455,Flt_102128,0
Crew_10473,Flt_100851,0
Crew_10473,Flt_102021,0
Crew_10473,Flt_100931,0
Crew_10473,Flt_102177,0
Crew_10473,Flt_101019,0
Crew_10473,Flt_101669,1
Crew_10473,Flt_101358,0
Crew_10473,Flt_103189,0
Crew_10473,Flt_104615,0
Crew_10473,ddh_100098,1
Crew_11461,Flt_101118,1
Crew_11461,Flt_100753,0
Crew_11461,Flt_102061,0
Crew_11461,Flt_102062,0
Crew_11461,Flt_101737,0
Crew_11461,Flt_101738,0
Crew_11461,Flt_101988,0
Crew_11461,Flt_100310,0
Crew_11461,ddh_100841,1
Crew_11461,Flt_104339,0
Crew_10411,ddh_100091,1
Crew_10411,ddh_100516,1
Crew_10411,Flt_100804,0
Crew_10411,Flt_101684,1
Crew_10411,Flt_101512,0
Crew_10411,Flt_100850,0
Crew_10411,Flt_101077,1
Crew_10540,Flt_101095,0
Crew_10540,Flt_100858,0
Crew_10540,Flt_101534,0
Crew_10540,Flt_102143,0
Crew_10540,Flt_101476,0
Crew_10540,Flt_100664,0
Crew_10540,Flt_102800,1
Crew_10540,Flt_106500,0
Crew_10540,Flt_103543,0
Crew_10540,Flt_102429,0
Crew_10609,ddh_101454,1
Crew_10609,Flt_101550,0
Crew_10609,Flt_101482,0
Crew_10609,Flt_102211,0
Crew_10609,Flt_101873,0
Crew_10609,Flt_101444,0
Crew_10609,Flt_101384,0
Crew_10609,Flt_101874,0
Crew_10609,Flt_101457,0
Crew_10609,Flt_101020,0
Crew_10609,Flt_103229,0
Crew_10609,Flt_105493,0
Crew_10609,Flt_103278,0
Crew_10609,Flt_106238,0
Crew_12514,Flt_101272,1
Crew_12514,Flt_101552,0
Crew_12514,Flt_101734,1
Crew_12514,Flt_102003,0
Crew_12514,Flt_102182,1
Crew_12514,Flt_101897,0
Crew_12514,Flt_100445,0
Crew_12514,Flt_101671,1
Crew_12514,Flt_100598,1
Crew_12514,Flt_102144,0
Crew_10346,Flt_101902,0
Crew_10346,Flt_101463,0
Crew_10346,Flt_102112,0
Crew_10346,Flt_101976,1
Crew_10872,Flt_102123,0
Crew_10872,Flt_102124,0
Crew_10872,Flt_100427,0
Crew_10872,Flt_100853,0
Crew_10872,Flt_101307,0
Crew_10872,ddh_102182,1
Crew_10872,Flt_100938,0
Crew_10872,Flt_100578,0
Crew_10069,ddh_100731,1
Crew_10069,ddh_101697,1
Crew_10069,Flt_101937,0
Crew_10069,Flt_101357,0
Crew_10069,ddh_100163,1
Crew_10069,Flt_101916,0
Crew_10069,Flt_103926,0
Crew_10069,Flt_102428,0
Crew_10069,Flt_105076,0
Crew_10069,ddh_100414,1
Crew_10069,Flt_102900,0
Crew_10069,ddh_101478,1
Crew_12141,ddh_100339,1
Crew_12141,Flt_100307,0
Crew_12141,Flt_101281,0
Crew_12141,Flt_101432,0
Crew_12141,Flt_104632,0
Crew_12141,Flt_106511,0
Crew_12141,Flt_106216,0
Crew_12141,Flt_104329,0
Crew_12141,Flt_106555,0
Crew_12141,Flt_103936,0
Crew_12141,Flt_103937,0
Crew_12141,ddh_101490,1
Crew_11336,ddh_100022,1
Crew_11336,Flt_102263,0
Crew_11336,Flt_101335,0
Crew_11336,Flt_101929,0
Crew_11336,Flt_100469,0
Crew_11336,Flt_101436,0
Crew_11336,Flt_101563,0
Crew_12015,ddh_100206,1
Crew_12015,Flt_100327,0
Crew_12015,Flt_102067,0
Crew_12015,Flt_100479,0
Crew_12015,Flt_101217,1
Crew_12015,ddh_100067,1
Crew_12015,Flt_106473,0
Crew_12015,Flt_102428,1
Crew_12015,Flt_102451,0
Crew_12015,Flt_106558,0
Crew_12015,ddh_100994,1
Crew_12128,ddh_100230,1
Crew_12128,Flt_100267,0
Crew_12128,Flt_101735,1
Crew_12128,Flt_101970,1
Crew_12128,Flt_101971,0
Crew_12128,Flt_101240,0
Crew_12128,Flt_101532,0
Crew_12128,Flt_100519,1
Crew_12128,Flt_105783,0
Crew_12128,Flt_103934,0
Crew_12128,Flt_103197,0
Crew_12128,Flt_106135,1
Crew_12193,Flt_101314,0
Crew_12193,Flt_100439,0
Crew_12193,Flt_101530,0
Crew_12193,Flt_101017,0
Crew_12193,ddh_102083,1
Crew_12193,Flt_100331,0
Crew_12193,Flt_101192,0
Crew_12193,Flt_100670,0
Crew_12193,Flt_105387,1
Crew_10068,ddh_100072,1
Crew_10068,Flt_101543,0
Crew_10068,Flt_101686,0
Crew_10068,Flt_102262,0
Crew_10068,Flt_102265,1
Crew_10068,Flt_102300,0
Crew_10068,Flt_102224,0
Crew_10068,Flt_101958,0
Crew_10068,Flt_101657,0
Crew_10911,ddh_100968,1
Crew_10911,Flt_101597,0
Crew_10911,Flt_101829,0
Crew_10911,Flt_101540,0
Crew_10911,ddh_101104,1
Crew_10911,ddh_100066,1
Crew_10911,Flt_102140,0
Crew_10911,Flt_101424,0
Crew_10911,Flt_103522,0
Crew_10911,Flt_106512,0
Crew_10911,ddh_100167,1
Crew_12011,ddh_101454,1
Crew_12011,Flt_100243,0
Crew_12011,Flt_101997,0
Crew_12011,Flt_101057,0
Crew_12011,Flt_100901,0
Crew_12011,Flt_101502,0
Crew_12011,Flt_101870,0
Crew_12011,ddh_100391,1
Crew_12011,Flt_104229,0
Crew_12539,Flt_101779,0
Crew_12539,Flt_101702,0
Crew_12539,Flt_101188,0
Crew_12539,Flt_101780,0
Crew_12539,Flt_101350,1
Crew_12539,Flt_102152,0
Crew_12539,Flt_101437,0
Crew_12539,Flt_100837,0
Crew_12539,Flt_102181,0
Crew_12539,Flt_100492,0
Crew_12539,Flt_101818,0
Crew_12539,Flt_101331,0
Crew_12539,Flt_100452,0
Crew_12539,Flt_101248,0
Crew_12539,Flt_101106,0
Crew_12539,ddh_100166,1
Crew_12539,Flt_104351,1
Crew_12539,Flt_103270,0
Crew_10419,Flt_101701,0
Crew_10419,Flt_101189,0
Crew_10419,Flt_102013,0
Crew_10419,Flt_100472,1
Crew_10419,Flt_102027,0
Crew_10419,Flt_101306,0
Crew_10419,Flt_100630,0
Crew_10419,Flt_100362,0
Crew_10419,Flt_100490,1
Crew_10419,Flt_100511,0
Crew_10419,Flt_101601,0
Crew_10419,Flt_101981,0
Crew_10419,Flt_101982,0
Crew_10419,Flt_101542,1
Crew_10419,Flt_105779,1
Crew_12111,Flt_101421,0
Crew_12111,Flt_102058,0
Crew_12111,Flt_102227,0
Crew_12111,Flt_101945,0
Crew_12111,Flt_100903,0
Crew_12111,Flt_101644,0
Crew_12111,Flt_100374,0
Crew_12111,Flt_100859,0
Crew_12111,Flt_102329,0
Crew_12111,Flt_100443,0
Crew_12111,Flt_102215,0
Crew_12111,Flt_101124,0
Crew_12111,Flt_100825,0
Crew_12111,ddh_100147,1
Crew_10373,Flt_101726,0
Crew_10373,Flt_100765,0
Crew_10373,Flt_102296,0
Crew_10373,Flt_102105,0
Crew_10373,Flt_101972,0
Crew_10373,Flt_101823,0
Crew_10373,Flt_100818,1
Crew_10373,Flt_101843,0
Crew_10373,Flt_101185,0
Crew_10373,Flt_100516,0
Crew_10373,Flt_102423,0
Crew_10373,Flt_102797,0
Crew_10373,Flt_103193,0
Crew_10373,Flt_103161,1
Crew_10373,ddh_100098,1
Crew_11740,Flt_101359,1
Crew_11740,Flt_101712,0
Crew_11740,Flt_102304,0
Crew_11740,Flt_102011,1
Crew_11740,Flt_101966,0
Crew_11740,Flt_101967,0
Crew_11740,Flt_101912,0
Crew_11740,Flt_100379,1
Crew_10833,ddh_101831,1
Crew_10833,Flt_101347,0
Crew_10833,Flt_101418,0
Crew_10833,Flt_100821,0
Crew_10833,Flt_101545,1
Crew_11511,ddh_101527,1
Crew_11511,Flt_100600,0
Crew_11511,Flt_101405,0
Crew_11511,Flt_101068,0
Crew_11511,Flt_100768,1
Crew_11511,Flt_100290,0
Crew_11511,Flt_100799,1
Crew_10564,ddh_100022,1
Crew_10564,Flt_102110,0
Crew_10564,Flt_100503,0
Crew_10564,Flt_101619,0
Crew_10564,Flt_102161,0
Crew_10564,Flt_101075,0
Crew_10564,Flt_100419,0
Crew_10564,Flt_101142,0
Crew_10564,Flt_100718,0
Crew_10564,Flt_100556,0
Crew_10564,Flt_101451,0
Crew_10564,Flt_101230,0
Crew_10564,Flt_104730,0
Crew_10564,Flt_104731,0
Crew_10564,Flt_106195,0
Crew_10564,Flt_102499,1
Crew_10564,Flt_103597,0
Crew_10564,Flt_105865,0
Crew_10564,ddh_100844,1
Crew_11209,ddh_102051,1
Crew_11209,Flt_101704,0
Crew_11209,ddh_100763,1
Crew_11209,Flt_100888,0
Crew_11209,Flt_103964,0
Crew_11209,Flt_103993,0
Crew_11209,Flt_106220,0
Crew_11209,ddh_100857,1
Crew_10818,Flt_100645,0
Crew_10818,Flt_100943,0
Crew_10818,Flt_104641,0
Crew_10818,Flt_106151,0
Crew_10818,Flt_105800,0
Crew_10818,Flt_103600,0
Crew_10818,Flt_102858,0
Crew_10818,Flt_104685,0
Crew_10818,Flt_102859,0
Crew_10818,Flt_105817,1
Crew_10818,ddh_100857,1
Crew_10815,ddh_100083,1
Crew_10815,Flt_101371,0
Crew_10815,Flt_102005,0
Crew_10815,Flt_101081,0
Crew_10815,Flt_100916,0
Crew_10815,Flt_100550,0
Crew_10815,Flt_100360,0
Crew_10815,Flt_101391,0
Crew_10815,Flt_101006,0
Crew_10815,Flt_100887,1
Crew_10815,Flt_101426,0
Crew_10815,Flt_101851,0
Crew_10815,Flt_101630,0
Crew_10815,ddh_100147,1
Crew_11787,ddh_100003,1
Crew_11787,Flt_100376,0
Crew_11787,Flt_102189,0
Crew_11787,Flt_100940,0
Crew_11787,Flt_102258,1
Crew_11787,Flt_102007,0
Crew_11787,Flt_100688,0
Crew_11787,Flt_100900,0
Crew_11787,Flt_101372,0
Crew_11787,Flt_100918,0
Crew_11787,Flt_102022,0
Crew_11787,Flt_101751,0
Crew_11787,Flt_102201,0
Crew_11787,Flt_101618,0
Crew_11787,Flt_101847,0
Crew_11787,ddh_100811,1
Crew_11787,ddh_100049,1
Crew_11787,Flt_103561,0
Crew_11787,Flt_105794,0
Crew_11787,ddh_100130,1
Crew_10004,Flt_101034,0
Crew_10004,Flt_100514,0
Crew_10004,Flt_101345,0
Crew_10004,Flt_100266,0
Crew_10004,Flt_101573,0
Crew_10004,Flt_102307,0
Crew_10004,Flt_101764,0
Crew_10004,Flt_101316,0
Crew_10004,Flt_102032,0
Crew_10004,Flt_101116,0
Crew_10004,Flt_101117,0
Crew_10004,Flt_101193,0
Crew_10004,Flt_102133,0
Crew_10004,Flt_104239,1
Crew_10004,Flt_105070,1
Crew_10499,ddh_101965,1
Crew_10499,Flt_100816,0
Crew_10499,Flt_100594,0
Crew_10499,Flt_101551,0
Crew_10499,Flt_101137,0
Crew_10499,Flt_100347,0
Crew_10499,Flt_101458,0
Crew_10499,Flt_101399,0
Crew_10499,ddh_100987,1
Crew_10499,Flt_103622,0
Crew_11733,ddh_101454,1
Crew_11733,Flt_102049,0
Crew_11733,Flt_101414,0
Crew_11733,Flt_101606,0
Crew_11733,Flt_101377,0
Crew_11733,Flt_101647,0
Crew_11733,Flt_102154,0
Crew_11733,Flt_101517,0
Crew_11733,Flt_101752,0
Crew_11733,Flt_101151,1
Crew_11733,Flt_103984,0
Crew_11733,Flt_106209,0
Crew_11297,ddh_101527,1
Crew_11297,Flt_100375,0
Crew_11297,Flt_100593,0
Crew_11297,Flt_101487,0
Crew_11297,Flt_102314,0
Crew_11297,Flt_101881,0
Crew_11297,Flt_101748,0
Crew_11297,Flt_100923,0
Crew_11297,Flt_102240,0
Crew_11297,Flt_100781,0
Crew_11297,Flt_100924,0
Crew_11297,ddh_100135,1
Crew_11297,Flt_106191,0
Crew_11297,Flt_103568,0
Crew_11297,Flt_103943,0
Crew_11297,Flt_104285,0
Crew_11297,ddh_100139,1
Crew_12555,Flt_101614,0
Crew_12555,Flt_101923,0
Crew_12555,Flt_100986,1
Crew_12555,Flt_100568,0
Crew_12555,Flt_100569,0
Crew_12555,Flt_102109,0
Crew_12555,Flt_100570,0
Crew_12555,Flt_101621,0
Crew_12555,Flt_101782,0
Crew_12555,Flt_102126,0
Crew_12555,Flt_102127,1
Crew_12555,Flt_104362,0
Crew_12555,Flt_103633,1
Crew_10961,Flt_101609,0
Crew_10961,Flt_100827,0
Crew_10961,Flt_102293,0
Crew_10961,Flt_101133,0
Crew_10961,Flt_100344,0
Crew_10961,Flt_101392,0
Crew_10961,Flt_100432,0
Crew_10961,Flt_100552,0
Crew_10961,Flt_100236,0
Crew_10961,Flt_100671,0
Crew_10961,Flt_100968,0
Crew_10961,ddh_100673,1
Crew_10656,Flt_101868,0
Crew_10656,Flt_101869,0
Crew_10656,Flt_100354,0
Crew_10656,Flt_101750,0
Crew_10656,Flt_100624,0
Crew_10656,Flt_101813,0
Crew_10656,Flt_101001,0
Crew_10656,Flt_101689,0
Crew_10656,Flt_101179,0
Crew_11417,Flt_100248,0
Crew_11417,Flt_102148,0
Crew_11417,Flt_101560,0
Crew_11417,Flt_102331,0
Crew_11417,Flt_100444,0
Crew_11417,Flt_101670,0
Crew_11417,Flt_101837,0
Crew_11417,Flt_100467,0
Crew_11417,Flt_101128,0
Crew_11417,Flt_103920,1
Crew_11664,ddh_100141,1
Crew_11664,ddh_100022,1
Crew_11664,Flt_100956,0
Crew_11664,Flt_100831,1
Crew_10877,ddh_101982,1
Crew_10877,Flt_101206,0
Crew_10877,Flt_101280,0
Crew_10877,Flt_100251,0
Crew_10877,Flt_100683,0
Crew_10877,Flt_102082,0
Crew_10877,Flt_100847,0
Crew_11566,ddh_100242,1
Crew_11566,Flt_101835,0
Crew_11566,Flt_102044,0
Crew_11566,ddh_100726,1
Crew_11566,Flt_100540,0
Crew_11566,Flt_100268,0
Crew_11566,Flt_100446,0
Crew_11566,ddh_100462,1
Crew_11566,Flt_102203,0
Crew_11566,Flt_102280,0
Crew_11566,Flt_100319,0
Crew_11566,Flt_100592,1
Crew_11566,Flt_105400,1
Crew_11566,Flt_105070,1
Crew_10329,ddh_100022,1
Crew_10329,Flt_101836,0
Crew_10329,Flt_100876,0
Crew_10329,Flt_101687,0
Crew_10329,Flt_100949,0
Crew_10329,Flt_100480,0
Crew_10329,Flt_101295,0
Crew_10329,Flt_101508,0
Crew_10329,Flt_101527,0
Crew_10329,Flt_100782,0
Crew_10329,Flt_100783,0
Crew_10329,ddh_100492,1
Crew_10329,Flt_103584,0
Crew_10329,ddh_100139,1
Crew_11278,Flt_101935,0
Crew_11278,Flt_100873,0
Crew_11278,Flt_101600,0
Crew_11278,Flt_101072,0
Crew_11278,Flt_101379,0
Crew_11278,Flt_100996,0
Crew_11278,Flt_101159,0
Crew_11278,Flt_102088,0
Crew_11278,Flt_100854,0
Crew_11278,Flt_100646,0
Crew_11278,Flt_101673,0
Crew_11278,Flt_102113,0
Crew_11278,Flt_102185,1
Crew_11278,Flt_105387,1
Crew_11945,Flt_100332,0
Crew_11945,Flt_101549,1
Crew_11945,Flt_100468,0
Crew_11945,Flt_100253,0
Crew_11945,Flt_100283,0
Crew_11945,Flt_100435,0
Crew_11945,Flt_101349,0
Crew_11945,Flt_101187,0
Crew_11945,ddh_101665,1
Crew_10885,Flt_101045,0
Crew_10885,Flt_100317,0
Crew_10885,Flt_100959,0
Crew_10885,Flt_101925,1
Crew_10885,Flt_104616,0
Crew_10885,Flt_104989,0
Crew_10885,Flt_103916,0
Crew_10885,Flt_106483,1
Crew_10885,Flt_104282,0
Crew_10885,Flt_102819,0
Crew_10885,Flt_105054,0
Crew_10885,Flt_103974,0
Crew_10885,ddh_100100,1
Crew_12022,ddh_100022,1
Crew_12022,Flt_102115,0
Crew_12022,Flt_101173,0
Crew_12022,Flt_101038,0
Crew_12022,Flt_101774,0
Crew_12022,Flt_100345,0
Crew_12022,Flt_100483,0
Crew_12022,Flt_100274,0
Crew_12022,Flt_100553,0
Crew_12022,Flt_101583,0
Crew_12022,Flt_100716,0
Crew_12022,Flt_102498,1
Crew_12022,Flt_102850,0
Crew_12022,Flt_102450,0
Crew_12022,Flt_106554,0
Crew_12022,ddh_100847,1
Crew_12094,Flt_100810,0
Crew_12094,Flt_102266,0
Crew_12094,Flt_101243,0
Crew_12094,Flt_100291,0
Crew_12094,Flt_100625,0
Crew_12094,Flt_100379,0
Crew_12094,Flt_100884,0
Crew_12094,Flt_102284,0
Crew_12094,Flt_104362,1
Crew_12094,Flt_103633,0
Crew_11739,Flt_101497,0
Crew_11739,Flt_100834,0
Crew_11739,Flt_102004,0
Crew_11739,Flt_101889,0
Crew_11739,Flt_101890,0
Crew_11739,Flt_100635,0
Crew_11739,Flt_100329,0
Crew_11739,Flt_100245,0
Crew_11739,Flt_101127,0
Crew_11739,ddh_100147,1
Crew_11071,ddh_100092,1
Crew_11071,Flt_102055,0
Crew_11071,Flt_101474,0
Crew_11071,Flt_101503,0
Crew_11071,Flt_101216,0
Crew_11071,Flt_102175,0
Crew_11071,Flt_100368,0
Crew_11071,Flt_101018,0
Crew_11071,Flt_101586,1
Crew_11071,ddh_100851,1
Crew_11071,Flt_103588,0
Crew_11071,Flt_102502,0
Crew_11071,Flt_105056,0
Crew_11071,ddh_101490,1
Crew_11667,Flt_101359,0
Crew_11667,Flt_101708,0
Crew_11667,Flt_101624,1
Crew_11667,Flt_102076,0
Crew_11667,Flt_100835,0
Crew_11667,Flt_101064,0
Crew_11667,Flt_101974,0
Crew_11667,Flt_101767,0
Crew_11667,Flt_101884,0
Crew_11667,Flt_101685,0
Crew_11667,Flt_101927,0
Crew_11667,Flt_100667,0
Crew_11667,ddh_100097,1
Crew_11284,Flt_101733,0
Crew_11284,Flt_101443,0
Crew_11284,Flt_100264,0
Crew_11284,Flt_102014,1
Crew_11284,Flt_100728,0
Crew_11284,Flt_101322,0
Crew_11284,Flt_100727,0
Crew_11284,Flt_102330,1
Crew_11284,Flt_101554,0
Crew_11284,Flt_100596,0
Crew_11284,Flt_101788,0
Crew_11284,Flt_102435,0
Crew_11284,Flt_105018,0
Crew_10522,Flt_101603,0
Crew_10522,Flt_101908,0
Crew_10522,Flt_100993,0
Crew_10522,Flt_102011,0
Crew_10522,Flt_100346,0
Crew_10522,Flt_101668,0
Crew_10522,Flt_101822,0
Crew_10522,Flt_101315,0
Crew_10522,Flt_101050,0
Crew_10522,Flt_101121,0
Crew_10522,Flt_101850,0
Crew_10522,Flt_105018,1
Crew_12209,ddh_101527,1
Crew_12209,Flt_102196,0
Crew_12209,Flt_100583,0
Crew_12209,Flt_100813,0
Crew_12209,Flt_101934,0
Crew_12209,Flt_101198,0
Crew_12209,Flt_100887,0
Crew_12209,Flt_104247,0
Crew_12209,Flt_104988,0
Crew_12209,Flt_103973,0
Crew_12209,Flt_103248,0
Crew_12209,Flt_103985,0
Crew_12209,Flt_105071,0
Crew_12209,Flt_105460,0
Crew_12209,ddh_100849,1
Crew_11203,Flt_100999,0
Crew_11203,Flt_100472,0
Crew_11203,Flt_100491,0
Crew_11203,ddh_101943,1
Crew_11203,Flt_101130,0
Crew_11203,Flt_102150,0
Crew_11203,Flt_104271,0
Crew_11203,Flt_103919,0
Crew_11203,ddh_100409,1
Crew_12605,ddh_101823,1
Crew_12605,Flt_102202,0
Crew_12605,Flt_101480,0
Crew_12605,Flt_101410,0
Crew_12605,Flt_102074,0
Crew_12605,Flt_101729,0
Crew_12605,Flt_101135,0
Crew_12605,Flt_102241,0
Crew_12605,Flt_101231,0
Crew_12605,Flt_101089,0
Crew_12190,Flt_101245,1
Crew_12190,Flt_101986,0
Crew_12190,Flt_102270,0
Crew_12190,Flt_102008,0
Crew_12190,Flt_100471,0
Crew_12190,Flt_100270,0
Crew_12190,Flt_102178,0
Crew_12190,Flt_101152,0
Crew_12190,Flt_100356,0
Crew_12190,Flt_100463,0
Crew_12190,Flt_101336,0
Crew_12190,Flt_101036,0
Crew_12190,Flt_105735,1
Crew_10870,Flt_101323,0
Crew_10870,Flt_100315,0
Crew_10870,Flt_101617,0
Crew_10870,ddh_100747,1
Crew_10870,Flt_103274,0
Crew_10870,Flt_104727,0
Crew_10870,Flt_102482,0
Crew_10870,Flt_102831,0
Crew_10870,Flt_105476,0
Crew_10870,Flt_102529,0
Crew_10870,Flt_104016,0
Crew_10870,ddh_102119,1
Crew_10684,Flt_100982,0
Crew_10684,Flt_101499,0
Crew_10684,Flt_101638,1
Crew_10684,Flt_100434,0
Crew_10684,Flt_100631,0
Crew_10684,Flt_101917,0
Crew_10684,Flt_100385,0
Crew_10684,Flt_102285,1
Crew_10684,Flt_102433,0
Crew_10684,Flt_105378,0
Crew_10684,ddh_100098,1
Crew_11680,Flt_100654,0
Crew_11680,Flt_101907,1
Crew_11680,Flt_101806,0
Crew_11680,Flt_100989,0
Crew_11680,Flt_101291,0
Crew_11680,Flt_102326,0
Crew_11680,Flt_101168,0
Crew_11680,Flt_100722,0
Crew_11680,Flt_102190,0
Crew_11680,Flt_101466,0
Crew_11680,Flt_104281,0
Crew_11680,Flt_103562,0
Crew_11680,ddh_100286,1
Crew_11204,ddh_102225,1
Crew_11204,ddh_100968,1
Crew_11204,Flt_100531,0
Crew_11204,Flt_102219,0
Crew_11204,Flt_101493,0
Crew_11204,Flt_101500,0
Crew_11204,Flt_102222,0
Crew_11204,Flt_104000,0
Crew_11204,Flt_104325,0
Crew_11204,Flt_105067,0
Crew_11204,ddh_101490,1
Crew_10802,Flt_102289,0
Crew_10802,Flt_100832,0
Crew_10802,Flt_102016,1
Crew_10802,Flt_101880,0
Crew_10802,Flt_100551,0
Crew_10802,Flt_100780,0
Crew_10802,Flt_100952,1
Crew_10802,Flt_102268,0
Crew_10802,Flt_105400,1
Crew_10802,Flt_105070,1
Crew_11193,Flt_102065,0
Crew_11193,Flt_101200,0
Crew_11193,Flt_101740,0
Crew_11193,Flt_100350,0
Crew_11193,Flt_101533,0
Crew_11193,Flt_101190,0
Crew_11193,Flt_100883,0
Crew_11193,Flt_100889,0
Crew_11193,Flt_103262,0
Crew_11193,ddh_101726,1
Crew_11063,ddh_100043,1
Crew_11063,Flt_101557,0
Crew_11063,ddh_100726,1
Crew_11063,Flt_100486,0
Crew_11063,Flt_100870,0
Crew_11063,Flt_100808,1
Crew_12035,ddh_102238,1
Crew_12035,Flt_100965,0
Crew_12035,Flt_101849,0
Crew_12035,Flt_101798,0
Crew_12035,Flt_102006,0
Crew_12035,ddh_100792,1
Crew_12035,Flt_100855,0
Crew_12035,Flt_104316,1
Crew_12035,Flt_105053,0
Crew_12035,Flt_104656,0
Crew_12035,ddh_100150,1
Crew_10418,Flt_101125,0
Crew_10418,Flt_102216,0
Crew_10418,Flt_100890,0
Crew_10418,Flt_100974,0
Crew_10418,Flt_102227,1
Crew_10418,Flt_101747,0
Crew_10418,Flt_100707,0
Crew_10418,Flt_102097,0
Crew_10418,Flt_101234,0
Crew_10418,Flt_101525,0
Crew_10418,Flt_100649,0
Crew_10418,Flt_100734,0
Crew_10418,Flt_100451,0
Crew_10418,Flt_105735,1
Crew_11216,Flt_101619,1
Crew_11216,Flt_100339,0
Crew_11216,Flt_101863,0
Crew_11216,Flt_102014,1
Crew_11216,Flt_101165,0
Crew_11216,Flt_100369,0
Crew_11216,Flt_102214,0
Crew_11216,Flt_100972,0
Crew_11216,Flt_101596,1
Crew_11453,Flt_101619,1
Crew_11453,Flt_101620,0
Crew_11453,Flt_101930,0
Crew_11453,Flt_102308,0
Crew_11453,Flt_102236,0
Crew_11453,Flt_101807,0
Crew_11453,Flt_100282,0
Crew_11453,Flt_101394,0
Crew_11453,Flt_101887,0
Crew_11453,Flt_100737,0
Crew_11453,Flt_101334,0
Crew_11453,Flt_101770,0
Crew_11453,Flt_101467,1
Crew_11453,ddh_100097,1
Crew_10965,Flt_102051,0
Crew_10965,Flt_101471,0
Crew_10965,Flt_100910,1
Crew_10965,Flt_100273,0
Crew_10965,Flt_101652,0
Crew_10965,Flt_100548,0
Crew_10965,Flt_101084,0
Crew_10965,Flt_102142,0
Crew_10965,Flt_102213,0
Crew_10965,Flt_105819,0
Crew_10940,Flt_101660,0
Crew_10940,Flt_100721,0
Crew_10940,Flt_102060,0
Crew_10940,Flt_100460,0
Crew_10940,Flt_102281,0
Crew_10940,Flt_103920,1
Crew_11444,ddh_102051,1
Crew_11444,Flt_101404,0
Crew_11444,Flt_101539,0
Crew_11444,Flt_101101,0
Crew_11444,Flt_100738,1
Crew_11444,Flt_105850,0
Crew_11444,Flt_104349,0
Crew_11444,ddh_100431,1
Crew_11444,Flt_102860,0
Crew_11444,ddh_100150,1
Crew_11830,Flt_100814,1
Crew_11830,Flt_102232,0
Crew_11830,Flt_100696,0
Crew_11830,Flt_101731,0
Crew_11830,Flt_102233,1
Crew_11830,Flt_100729,0
Crew_11830,Flt_102249,0
Crew_11830,Flt_101760,0
Crew_11830,Flt_101559,0
Crew_11830,Flt_100334,0
Crew_11830,ddh_101665,1
Crew_11830,Flt_105843,1
Crew_11830,Flt_104318,0
Crew_11830,ddh_102199,1
Crew_11674,ddh_101527,1
Crew_11674,Flt_100509,0
Crew_11674,Flt_101360,0
Crew_11674,Flt_100403,1
Crew_11674,Flt_100259,0
Crew_11674,Flt_101568,0
Crew_11674,Flt_102159,0
Crew_11674,Flt_100855,1
Crew_11674,ddh_101920,1
Crew_11674,Flt_104343,0
Crew_11674,Flt_102878,0
Crew_11674,Flt_103227,0
Crew_11807,ddh_100642,1
Crew_11807,ddh_100578,1
Crew_11807,ddh_101146,1
Crew_11807,ddh_100073,1
Crew_11807,Flt_101882,0
Crew_11807,Flt_101000,0
Crew_11807,Flt_102155,1
Crew_11807,Flt_101580,1
Crew_11807,Flt_100759,1
Crew_11807,Flt_105387,1
Crew_11807,ddh_100218,1
Crew_11807,ddh_101925,1
Crew_11807,ddh_102263,1
Crew_11807,ddh_101911,1
Crew_11503,Flt_102164,0
Crew_11503,Flt_101299,0
Crew_11503,Flt_100420,0
Crew_11503,Flt_101824,0
Crew_11503,Flt_101896,0
Crew_11503,Flt_101170,0
Crew_11503,Flt_101464,0
Crew_11503,Flt_101055,0
Crew_11503,Flt_101555,0
Crew_12138,Flt_101034,1
Crew_12138,Flt_101488,0
Crew_12138,Flt_101932,0
Crew_12138,Flt_101871,0
Crew_12138,Flt_102228,0
Crew_12138,Flt_100641,1
Crew_12138,Flt_101153,0
Crew_12138,Flt_102277,0
Crew_12138,Flt_100666,0
Crew_12138,ddh_100126,1
Crew_10957,ddh_100003,1
Crew_10957,Flt_102117,0
Crew_10957,Flt_101721,0
Crew_10957,Flt_100337,0
Crew_10957,Flt_100295,0
Crew_10957,Flt_100927,0
Crew_10957,Flt_100318,0
Crew_10957,Flt_100963,0
Crew_10957,ddh_101580,1
Crew_11078,ddh_100023,1
Crew_11078,Flt_102259,0
Crew_11078,Flt_100298,0
Crew_11078,Flt_101504,0
Crew_11078,Flt_101645,0
Crew_11078,Flt_100535,0
Crew_11078,Flt_100639,0
Crew_11078,Flt_100500,0
Crew_11078,Flt_102038,0
Crew_11078,Flt_101039,0
Crew_11078,Flt_101113,0
Crew_11078,Flt_100742,0
Crew_11078,ddh_100147,1
Crew_11300,Flt_102212,0
Crew_11300,ddh_100043,1
Crew_11300,Flt_102153,0
Crew_11300,Flt_100440,0
Crew_11300,Flt_101531,0
Crew_11300,Flt_100942,0
Crew_11300,ddh_100097,1
Crew_12336,Flt_100284,0
Crew_12336,Flt_102106,0
Crew_12336,Flt_102327,0
Crew_12336,Flt_101894,1
Crew_12336,Flt_100676,0
Crew_12336,Flt_100755,0
Crew_12336,Flt_102414,0
Crew_12336,Flt_105376,0
Crew_12336,Flt_105841,0
Crew_12336,Flt_102487,0
Crew_12336,ddh_100168,1
Crew_11009,ddh_101454,1
Crew_11009,Flt_101922,0
Crew_11009,Flt_101548,1
Crew_11009,Flt_101283,0
Crew_11009,Flt_100348,0
Crew_11009,Flt_100638,0
Crew_11009,Flt_100371,0
Crew_11009,Flt_101588,1
Crew_11009,ddh_100068,1
Crew_11009,Flt_105048,0
Crew_11009,Flt_102864,1
Crew_11009,ddh_100109,1
Crew_12360,Flt_100709,0
Crew_12360,Flt_101313,0
Crew_12360,Flt_101015,0
Crew_12360,Flt_100407,1
Crew_12360,Flt_100947,0
Crew_12360,Flt_105735,0
Crew_12360,Flt_104602,0
Crew_12360,Flt_105028,0
Crew_12360,Flt_102500,0
Crew_12360,Flt_105818,1
Crew_11763,Flt_100677,0
Crew_11763,Flt_102235,0
Crew_11763,Flt_101638,1
Crew_11763,Flt_101888,0
Crew_11763,Flt_101631,0
Crew_10727,Flt_100585,0
Crew_10727,Flt_102051,1
Crew_10727,Flt_101044,0
Crew_10727,Flt_104263,0
Crew_10727,Flt_103257,0
Crew_10727,Flt_104278,0
Crew_10727,Flt_103631,1
Crew_10264,Flt_100757,0
Crew_10264,Flt_100405,0
Crew_10264,Flt_101361,0
Crew_10264,Flt_102078,0
Crew_10264,Flt_101294,0
Crew_10264,Flt_101171,0
Crew_10264,Flt_100792,0
Crew_10264,Flt_100642,0
Crew_10264,Flt_100455,1
Crew_10264,Flt_101174,0
Crew_10264,Flt_101831,0
Crew_10264,Flt_101832,0
Crew_10264,ddh_100673,1
Crew_11791,Flt_102260,0
Crew_11791,Flt_100806,0
Crew_11791,Flt_101907,0
Crew_11791,Flt_102084,0
Crew_11791,Flt_100917,0
Crew_11791,Flt_100294,0
Crew_11791,Flt_101022,0
Crew_11791,Flt_101282,0
Crew_11791,Flt_100760,0
Crew_11791,Flt_102000,0
Crew_11791,Flt_100893,0
Crew_11791,ddh_100166,1
Crew_11791,Flt_103599,0
Crew_11791,ddh_100994,1
Crew_11486,ddh_100022,1
Crew_11486,Flt_101244,0
Crew_11486,Flt_100796,0
Crew_11486,Flt_100868,0
Crew_11486,Flt_100939,1
Crew_11486,Flt_100345,1
Crew_11486,Flt_100692,0
Crew_11486,Flt_101134,0
Crew_11486,Flt_100258,0
Crew_11486,Flt_102037,0
Crew_11486,Flt_102322,0
Crew_11486,Flt_104687,1
Crew_11486,Flt_103290,0
Crew_11486,ddh_100857,1
Crew_12115,ddh_100053,1
Crew_12115,Flt_100536,0
Crew_12115,Flt_100907,0
Crew_12115,Flt_101815,0
Crew_12115,Flt_101005,0
Crew_12115,Flt_101816,0
Crew_12115,Flt_101364,0
Crew_12115,Flt_100681,0
Crew_12115,Flt_101636,0
Crew_12115,ddh_100136,1
Crew_12115,Flt_105795,0
Crew_12115,ddh_101478,1
Crew_11062,ddh_102021,1
Crew_11062,ddh_101401,1
Crew_11062,Flt_101848,0
Crew_11062,Flt_101352,0
Crew_11062,Flt_101635,0
Crew_11062,Flt_102068,1
Crew_11062,Flt_100461,0
Crew_11062,Flt_100244,0
Crew_11062,Flt_105766,0
Crew_11062,Flt_104623,0
Crew_11062,Flt_105790,0
Crew_11062,Flt_102818,0
Crew_11062,Flt_104282,1
Crew_11062,Flt_105100,0
Crew_11062,Flt_104009,0
Crew_11062,ddh_102119,1
Crew_10195,ddh_100022,1
Crew_10195,Flt_100320,0
Crew_10195,Flt_101267,0
Crew_10195,Flt_100752,0
Crew_10195,Flt_101385,0
Crew_10195,Flt_101145,0
Crew_10195,Flt_100909,0
Crew_10195,Flt_101238,0
Crew_10195,Flt_100778,0
Crew_11040,ddh_100072,1
Crew_11040,Flt_102192,0
Crew_11040,Flt_102048,0
Crew_11040,Flt_100758,0
Crew_11040,Flt_101440,0
Crew_11040,Flt_100995,0
Crew_11040,Flt_101143,0
Crew_11040,Flt_103554,0
Crew_12410,Flt_100975,0
Crew_12410,Flt_100599,0
Crew_12410,Flt_100987,0
Crew_12410,Flt_100843,0
Crew_12410,Flt_100441,0
Crew_12410,Flt_101166,0
Crew_12410,Flt_100951,0
Crew_12410,Flt_101719,0
Crew_12510,Flt_101514,1
Crew_12510,Flt_100609,0
Crew_12510,Flt_101564,0
Crew_12510,Flt_101526,0
Crew_12510,Flt_101090,0
Crew_12510,ddh_100648,1
Crew_12510,Flt_106515,1
Crew_12510,Flt_102448,0
Crew_12510,ddh_100994,1
Crew_10838,Flt_101677,0
Crew_10838,Flt_100466,0
Crew_10838,Flt_101214,0
Crew_10838,Flt_101501,0
Crew_10838,Flt_101727,0
Crew_10838,Flt_100361,0
Crew_10838,Flt_101452,0
Crew_10838,Flt_101422,0
Crew_10838,Flt_101191,0
Crew_10838,Flt_105387,1
Crew_11294,ddh_100022,1
Crew_11294,Flt_101999,0
Crew_11294,Flt_101792,0
Crew_11294,Flt_101637,0
Crew_11294,Flt_100980,0
Crew_11294,Flt_103930,0
Crew_11294,Flt_106149,0
Crew_11294,Flt_102488,0
Crew_11294,Flt_105477,0
Crew_11294,Flt_104356,0
Crew_11294,ddh_100286,1
Crew_12489,Flt_101204,0
Crew_12489,Flt_100831,0
Crew_12489,Flt_101225,0
Crew_12489,Flt_100708,0
Crew_12489,ddh_101631,1
Crew_12489,Flt_101163,0
Crew_12489,Flt_100367,0
Crew_12489,Flt_100520,0
Crew_12489,Flt_102187,0
Crew_12489,Flt_101409,0
Crew_12489,ddh_100097,1
Crew_12009,Flt_101706,0
Crew_12009,Flt_101920,0
Crew_12009,Flt_100477,0
Crew_12009,Flt_100497,0
Crew_12009,Flt_100639,1
Crew_12009,Flt_100799,0
Crew_10949,Flt_101954,0
Crew_10949,Flt_100272,1
Crew_10949,Flt_102443,0
Crew_10949,Flt_104042,1
Crew_10949,Flt_103202,0
Crew_10949,Flt_103940,0
Crew_10949,Flt_105448,0
Crew_10949,Flt_104700,0
Crew_10949,ddh_100129,1
Crew_10672,ddh_101331,1
Crew_10672,Flt_100647,1
Crew_10672,Flt_101341,0
Crew_10672,Flt_105764,0
Crew_10672,Flt_105765,0
Crew_10672,Flt_103634,0
Crew_10672,Flt_102892,0
Crew_10672,Flt_106520,0
Crew_10672,Flt_103269,1
Crew_12503,ddh_100053,1
Crew_12503,Flt_101138,0
Crew_12503,Flt_101376,0
Crew_12503,Flt_100766,0
Crew_12503,Flt_102302,1
Crew_12503,Flt_100922,0
Crew_12503,Flt_102025,0
Crew_12197,ddh_100022,1
Crew_12197,Flt_100662,0
Crew_12197,Flt_101989,0
Crew_12197,Flt_102221,0
Crew_12197,Flt_101208,0
Crew_12197,ddh_100007,1
Crew_12197,Flt_102938,0
Crew_12197,Flt_103900,1
Crew_12197,Flt_106540,0
Crew_12197,Flt_103230,0
Crew_12197,Flt_105854,1
Crew_11476,Flt_101677,1
Crew_11476,Flt_101328,0
Crew_11476,Flt_100387,0
Crew_11476,Flt_102070,0
Crew_11476,Flt_100340,0
Crew_11476,Flt_101065,0
Crew_11476,Flt_101004,0
Crew_11476,Flt_100547,0
Crew_11476,Flt_102023,0
Crew_11476,Flt_101841,0
Crew_11476,Flt_100584,0
Crew_11476,Flt_100660,0
Crew_11476,ddh_100097,1
Crew_11361,ddh_100091,1
Crew_11361,ddh_102105,1
Crew_11361,Flt_101683,0
Crew_11361,Flt_100582,0
Crew_11361,Flt_101427,0
Crew_11361,Flt_104987,0
Crew_11361,Flt_104613,0
Crew_11361,Flt_105805,0
Crew_11361,Flt_102876,0
Crew_11361,ddh_101914,1
Crew_12205,Flt_100823,0
Crew_12205,Flt_100414,0
Crew_12205,Flt_101373,0
Crew_12205,Flt_102178,1
Crew_12205,Flt_100933,0
Crew_12205,Flt_101854,0
Crew_12205,Flt_100239,0
Crew_12205,Flt_105735,1
Crew_11089,Flt_101308,1
Crew_11089,Flt_100365,0
Crew_11089,Flt_102321,0
Crew_11089,Flt_100659,0
Crew_11089,Flt_101258,0
Crew_11089,Flt_105736,0
Crew_11089,Flt_103900,0
Crew_11089,Flt_105478,0
Crew_11089,ddh_100138,1
Crew_11492,ddh_101264,1
Crew_11492,ddh_101454,1
Crew_11492,Flt_100830,0
Crew_11492,Flt_101860,0
Crew_11492,Flt_101277,0
Crew_11492,Flt_102432,0
Crew_11492,Flt_102809,0
Crew_11492,Flt_105004,1
Crew_11492,Flt_103949,0
Crew_11492,Flt_106230,0
Crew_11492,Flt_105856,0
Crew_11492,ddh_102119,1
Crew_11293,ddh_100064,1
Crew_11293,Flt_102012,0
Crew_11293,Flt_101290,0
Crew_11293,Flt_102245,0
Crew_11293,Flt_101311,0
Crew_11293,Flt_101885,0
Crew_11293,Flt_100779,1
Crew_11293,Flt_100300,0
Crew_11293,Flt_101830,0
Crew_11293,Flt_104239,0
Crew_11293,Flt_103168,0
Crew_11293,Flt_103529,0
Crew_11512,Flt_100260,0
Crew_11512,Flt_100534,0
Crew_11512,Flt_101017,1
Crew_11512,Flt_100560,0
Crew_11512,Flt_102100,0
Crew_11512,Flt_101599,0
Crew_11512,Flt_101031,0
Crew_11512,ddh_100157,1
Crew_11512,Flt_105004,0
Crew_11512,Flt_103627,1
Crew_11512,ddh_100099,1
Crew_11173,Flt_100513,0
Crew_11173,Flt_101344,0
Crew_11173,Flt_102229,0
Crew_11173,Flt_101375,0
Crew_11173,Flt_101302,0
Crew_11173,Flt_100428,0
Crew_11173,Flt_102066,0
Crew_11173,Flt_101123,0
Crew_11173,ddh_100166,1
Crew_11173,ddh_100049,1
Crew_11173,Flt_104324,0
Crew_11173,ddh_101726,1
Crew_11508,Flt_101008,0
Crew_11508,Flt_101088,0
Crew_11508,ddh_101307,1
Crew_11508,Flt_105416,0
Crew_11041,ddh_100091,1
Crew_11041,Flt_101648,0
Crew_11041,Flt_101953,1
Crew_11041,Flt_101529,0
Crew_11041,Flt_102042,0
Crew_11041,Flt_100316,1
Crew_11041,Flt_103194,0
Crew_11041,Flt_105780,0
Crew_11041,Flt_104692,1
Crew_11041,ddh_100099,1
Crew_12093,ddh_100091,1
Crew_12093,ddh_100072,1
Crew_12093,Flt_101195,0
Crew_12093,Flt_102134,0
Crew_12093,Flt_101415,0
Crew_12093,Flt_100656,0
Crew_12093,Flt_103180,0
Crew_12093,Flt_104999,0
Crew_12093,Flt_104256,0
Crew_12093,Flt_103931,1
Crew_12093,Flt_102820,0
Crew_12093,Flt_104650,0
Crew_12093,Flt_105797,0
Crew_12093,Flt_103945,0
Crew_12093,ddh_100857,1
Crew_12449,ddh_102051,1
Crew_12449,Flt_102282,0
Crew_12449,Flt_101354,0
Crew_12449,Flt_101428,0
Crew_12449,Flt_100424,0
Crew_12449,Flt_100705,0
Crew_12449,Flt_102083,0
Crew_12449,ddh_101272,1
Crew_12449,Flt_105386,0
Crew_12449,Flt_105420,0
Crew_12449,Flt_106525,0
Crew_12449,Flt_103992,0
Crew_12449,Flt_103256,0
Crew_11792,Flt_100474,0
Crew_11792,Flt_101139,0
Crew_11792,Flt_101804,1
Crew_11792,Flt_101239,0
Crew_11792,Flt_101759,0
Crew_11792,Flt_102324,0
Crew_11792,Flt_100572,0
Crew_11792,Flt_100958,0
Crew_11792,Flt_103915,0
Crew_11792,Flt_106478,0
Crew_11792,Flt_104985,0
Crew_11792,ddh_100098,1
Crew_11859,Flt_101104,0
Crew_11859,Flt_102188,0
Crew_11859,Flt_101619,1
Crew_11859,Flt_101076,0
Crew_11859,Flt_101742,0
Crew_11859,Flt_100619,0
Crew_11859,Flt_100352,1
Crew_11859,Flt_100857,0
Crew_11859,Flt_100438,0
Crew_11859,Flt_100407,0
Crew_11859,Flt_101556,0
Crew_11859,Flt_100889,1
Crew_11859,Flt_103254,0
Crew_11859,Flt_106175,1
Crew_12582,ddh_101982,1
Crew_12582,Flt_100653,0
Crew_12582,Flt_102309,0
Crew_12582,Flt_101387,0
Crew_12582,Flt_101753,0
Crew_12582,Flt_101754,0
Crew_12582,ddh_102227,1
Crew_12582,Flt_105065,1
Crew_12582,Flt_103986,0
Crew_12582,Flt_104701,0
Crew_10590,Flt_101985,0
Crew_10590,Flt_102194,0
Crew_10590,Flt_101692,0
Crew_10590,Flt_101037,1
Crew_10590,Flt_100481,0
Crew_10590,Flt_100543,0
Crew_10590,Flt_101222,0
Crew_10590,Flt_101242,0
Crew_10590,Flt_100370,0
Crew_10590,Flt_101456,0
Crew_10590,Flt_100301,0
Crew_10590,Flt_101029,0
Crew_10590,Flt_101682,0
Crew_10590,Flt_105387,1
Crew_10730,ddh_100073,1
Crew_10730,Flt_100400,0
Crew_10730,Flt_102141,0
Crew_10730,Flt_101956,0
Crew_10730,Flt_101578,0
Crew_10730,Flt_100353,0
Crew_10730,Flt_101300,0
Crew_10730,Flt_101749,0
Crew_10730,Flt_100878,0
Crew_10730,Flt_101469,0
Crew_10730,Flt_100397,0
Crew_10730,Flt_100664,1
Crew_10730,Flt_105843,1
Crew_10730,Flt_103252,0
Crew_11368,Flt_102295,0
Crew_11368,Flt_101211,0
Crew_11368,Flt_100545,0
Crew_11368,Flt_101065,1
Crew_11368,Flt_101522,0
Crew_11368,Flt_101758,0
Crew_11368,Flt_101769,0
Crew_11368,Flt_100685,0
Crew_11368,Flt_100333,0
Crew_11368,Flt_103548,0
Crew_11368,Flt_102393,0
Crew_11368,Flt_102394,0
Crew_10591,Flt_102276,0
Crew_10591,Flt_100748,0
Crew_10591,Flt_101549,0
Crew_10591,Flt_101946,1
Crew_10591,Flt_101510,0
Crew_10591,Flt_101650,0
Crew_10591,Flt_102318,0
Crew_10591,Flt_102092,0
Crew_10591,Flt_101519,0
Crew_10591,Flt_101659,0
Crew_10591,Flt_100512,0
Crew_10591,Flt_101030,0
Crew_12038,Flt_100562,0
Crew_12038,Flt_101535,0
Crew_12038,Flt_100712,0
Crew_12038,Flt_100713,1
Crew_12038,Flt_100803,0
Crew_12038,Flt_101411,0
Crew_12038,Flt_103170,0
Crew_12038,Flt_105374,0
Crew_12038,Flt_106127,0
Crew_12038,ddh_100191,1
Crew_12038,Flt_105059,0
Crew_11796,Flt_100322,0
Crew_11796,Flt_100672,0
Crew_11796,Flt_101909,0
Crew_11796,Flt_101292,0
Crew_11796,Flt_101572,0
Crew_11796,Flt_100263,0
Crew_11796,Flt_102031,0
Crew_11796,Flt_100293,0
Crew_11796,Flt_101459,0
Crew_11796,Flt_101674,0
Crew_11796,Flt_101675,0
Crew_11796,Flt_101053,0
Crew_11796,Flt_101355,1
Crew_11796,Flt_103920,1
Crew_10983,Flt_102122,0
Crew_10983,Flt_100877,0
Crew_10983,Flt_101607,0
Crew_10983,Flt_101913,1
Crew_10983,Flt_102017,0
Crew_10983,Flt_101952,0
Crew_10983,Flt_101666,0
Crew_10983,Flt_101518,0
Crew_10983,Flt_100525,0
Crew_10983,Flt_106563,0
Crew_10272,Flt_101983,0
Crew_10272,Flt_101178,0
Crew_10272,ddh_100074,1
Crew_10272,Flt_100844,0
Crew_10272,Flt_100537,0
Crew_10272,Flt_100637,0
Crew_10272,Flt_101969,0
Crew_10272,Flt_102271,0
Crew_10272,Flt_102198,0
Crew_10272,Flt_103920,1
Crew_11748,Flt_101775,0
Crew_11748,Flt_106154,0
Crew_11748,Flt_106234,0
Crew_11748,Flt_104732,0
Crew_11748,Flt_105854,0
Crew_10777,ddh_100516,1
Crew_10777,Flt_101901,0
Crew_10777,Flt_100680,0
Crew_10777,ddh_102232,1
Crew_10777,ddh_100026,1
Crew_10777,Flt_101416,0
Crew_10777,Flt_101472,0
Crew_10777,ddh_100127,1
Crew_10777,Flt_103172,0
Crew_10777,Flt_102831,1
Crew_10777,Flt_105029,0
Crew_10777,Flt_104653,0
Crew_10777,ddh_100100,1
Crew_10311,ddh_100177,1
Crew_10311,Flt_100800,0
Crew_10311,Flt_100896,0
Crew_10311,Flt_100336,0
Crew_10311,Flt_101656,0
Crew_10311,Flt_101227,0
Crew_10311,Flt_101150,0
Crew_10311,Flt_100520,1
Crew_10311,Flt_100885,0
Crew_10311,Flt_101785,0
Crew_10311,Flt_105018,1
Crew_11202,Flt_100735,0
Crew_11202,Flt_101684,0
Crew_11202,Flt_101877,0
Crew_11202,Flt_100998,0
Crew_11202,Flt_101449,0
Crew_11202,Flt_101667,0
Crew_11202,Flt_100505,0
Crew_11202,Flt_102193,0
Crew_11447,ddh_102051,1
Crew_11447,Flt_100532,0
Crew_11447,Flt_101787,0
Crew_11447,Flt_102211,1
Crew_11447,Flt_100839,0
Crew_11447,Flt_101288,0
Crew_11447,Flt_102800,0
Crew_11447,Flt_106500,1
Crew_11447,Flt_102901,0
Crew_11447,Flt_104316,1
Crew_11447,Flt_105092,0
Crew_11447,Flt_103255,0
Crew_11447,ddh_102199,1
Crew_11469,Flt_100559,0
Crew_11469,Flt_101892,0
Crew_11469,ddh_100115,1
Crew_11469,Flt_100674,0
Crew_11469,Flt_101120,0
Crew_11469,Flt_102412,1
Crew_11469,Flt_104628,0
Crew_11469,Flt_102836,0
Crew_11469,Flt_103978,0
Crew_11321,Flt_100941,0
Crew_11321,ddh_100336,1
Crew_11321,Flt_101638,1
Crew_11321,Flt_101516,0
Crew_11321,Flt_100622,0
Crew_11321,Flt_102116,0
Crew_11321,Flt_101904,0
Crew_11321,Flt_101978,0
Crew_11321,Flt_101249,1
Crew_11321,Flt_103920,1
Crew_10523,Flt_101266,0
Crew_10523,Flt_101486,0
Crew_10523,Flt_101592,1
Crew_10523,Flt_100838,0
Crew_10523,Flt_100620,0
Crew_10523,Flt_101154,0
Crew_10523,ddh_100085,1
Crew_10523,Flt_100867,0
Crew_10523,Flt_100732,0
Crew_10523,Flt_100952,0
Crew_10523,Flt_102268,1
Crew_10523,Flt_105400,1
Crew_10523,Flt_105070,1
Crew_11732,Flt_101755,0
Crew_11732,Flt_101304,0
Crew_11732,Flt_101260,0
Crew_11732,Flt_100453,0
Crew_11732,Flt_104642,0
Crew_11732,Flt_103241,0
Crew_11732,Flt_103565,0
Crew_11732,ddh_101234,1
Crew_10717,Flt_101256,1
Crew_10717,Flt_101646,0
Crew_10717,Flt_100693,0
Crew_10717,Flt_101159,1
Crew_10717,Flt_101014,0
Crew_10717,Flt_100928,0
Crew_10717,Flt_100389,0
Crew_10717,Flt_101115,0
Crew_10717,Flt_104239,1
Crew_10717,Flt_105070,1
Crew_10995,ddh_100063,1
Crew_10995,Flt_100404,0
Crew_10995,Flt_101054,1
Crew_10995,Flt_101801,0
Crew_10995,Flt_101948,0
Crew_10995,Flt_101870,1
Crew_10995,Flt_102173,0
Crew_10995,Flt_101763,1
Crew_10995,Flt_100976,0
Crew_10995,Flt_101058,0
Crew_10995,Flt_102901,1
Crew_12056,ddh_100023,1
Crew_12056,Flt_101105,0
Crew_12056,Flt_100377,0
Crew_12056,Flt_101296,0
Crew_12056,Flt_100422,0
Crew_12056,ddh_100025,1
Crew_12056,Flt_100555,0
Crew_12056,Flt_101235,0
Crew_12056,Flt_102112,1
Crew_12056,Flt_101976,0
Crew_12056,Flt_101828,0
Crew_12056,Flt_106488,1
Crew_12007,ddh_100021,1
Crew_12007,ddh_100602,1
Crew_12007,Flt_100749,0
Crew_12007,Flt_102131,0
Crew_12007,Flt_101298,0
Crew_12007,Flt_100912,0
Crew_12007,Flt_103184,0
Crew_12007,Flt_105789,0
Crew_12007,Flt_104338,0
Crew_12007,ddh_102199,1
Crew_11633,Flt_101256,1
Crew_11633,Flt_101562,0
Crew_11633,Flt_100768,0
Crew_11633,ddh_101078,1
Crew_11633,Flt_100636,0
Crew_11633,Flt_101265,0
Crew_11633,Flt_101698,0
Crew_11633,Flt_102398,1
Crew_12552,Flt_101034,1
Crew_12552,Flt_101205,0
Crew_12552,Flt_100406,0
Crew_12552,Flt_102301,0
Crew_12552,Flt_101287,0
Crew_12552,Flt_101241,0
Crew_12552,Flt_102033,0
Crew_12552,Flt_102145,0
Crew_12552,Flt_101858,0
Crew_12552,Flt_103920,1
Crew_11526,Flt_100538,0
Crew_11526,ddh_100391,1
Crew_11526,Flt_105006,0
Crew_11526,Flt_106133,0
Crew_11526,ddh_101612,1
Crew_11526,Flt_103636,0
Crew_11526,Flt_102527,0
Crew_11526,ddh_100857,1
Crew_11194,ddh_100516,1
Crew_11194,Flt_102045,0
Crew_11194,Flt_101910,0
Crew_11194,Flt_101293,0
Crew_11194,Flt_100988,0
Crew_11194,ddh_101681,1
Crew_11194,Flt_104632,1
Crew_11194,Flt_105771,0
Crew_11194,Flt_102480,0
Crew_11194,Flt_103296,0
Crew_11194,ddh_100279,1
Crew_11905,Flt_100652,0
Crew_11905,Flt_101286,0
Crew_11905,Flt_100695,0
Crew_11905,Flt_102305,0
Crew_11905,Flt_101159,1
Crew_11905,Flt_101236,0
Crew_11905,Flt_101453,0
Crew_11905,ddh_100831,1
Crew_11905,Flt_102186,0
Crew_11905,Flt_102256,0
Crew_11905,Flt_103920,1
Crew_11095,Flt_102111,0
Crew_11095,Flt_100879,0
Crew_11095,Flt_100265,0
Crew_11095,Flt_101724,0
Crew_11095,Flt_101820,1
Crew_11095,Flt_101585,0
Crew_11095,Flt_102029,0
Crew_11095,Flt_100977,0
Crew_11095,Flt_101368,0
Crew_11095,ddh_101580,1
Crew_10805,ddh_100023,1
Crew_10805,Flt_100882,0
Crew_10805,Flt_102279,0
Crew_10805,Flt_102234,0
Crew_10805,Flt_100698,0
Crew_10805,Flt_100643,0
Crew_10805,Flt_100447,0
Crew_10805,Flt_101098,0
Crew_10805,Flt_101589,0
Crew_10805,Flt_100875,0
Crew_10805,Flt_101544,0
Crew_10805,ddh_100097,1
Crew_12462,Flt_101968,1
Crew_12462,Flt_100929,0
Crew_12462,Flt_101094,0
Crew_12462,Flt_100678,0
Crew_12462,Flt_101126,0
Crew_12462,Flt_100328,0
Crew_12462,Flt_100244,1
Crew_12462,Flt_104251,0
Crew_12462,Flt_103177,0
Crew_12462,Flt_102882,0
Crew_12462,Flt_105081,0
Crew_12462,ddh_100149,1
Crew_11350,ddh_100023,1
Crew_11350,Flt_100381,0
Crew_11350,Flt_100658,0
Crew_11350,Flt_101144,0
Crew_11350,Flt_102079,0
Crew_11350,Flt_101100,0
Crew_11350,Flt_102250,0
Crew_11350,Flt_102191,0
Crew_11350,Flt_100312,0
Crew_11350,ddh_100097,1
Crew_10147,Flt_101256,0
Crew_10147,Flt_101071,0
Crew_10147,Flt_100860,0
Crew_10147,Flt_102181,1
Crew_10147,Flt_102056,0
Crew_10147,Flt_102217,0
Crew_10147,ddh_100147,1
Crew_10474,ddh_100022,1
Crew_10474,Flt_100577,0
Crew_10474,Flt_101913,0
Crew_10474,Flt_100476,0
Crew_10474,Flt_101507,0
Crew_10474,ddh_100044,1
Crew_10474,Flt_101155,0
Crew_10474,Flt_101961,0
Crew_10474,ddh_100125,1
Crew_10474,ddh_100777,1
Crew_10474,Flt_105818,0
Crew_12183,Flt_101257,0
Crew_12183,Flt_100869,0
Crew_12183,Flt_100421,0
Crew_12183,Flt_100701,0
Crew_12183,Flt_101135,1
Crew_12183,Flt_100717,0
Crew_12183,Flt_100436,0
Crew_12183,Flt_100955,0
Crew_12125,Flt_101977,0
Crew_12125,Flt_100733,0
Crew_12125,Flt_100611,0
Crew_12125,Flt_101218,0
Crew_12125,Flt_102108,0
Crew_12125,Flt_101898,0
Crew_12125,Flt_102146,1
Crew_12125,Flt_101262,0
Crew_11396,Flt_101118,0
Crew_11396,Flt_100753,1
Crew_11396,Flt_101575,0
Crew_11396,Flt_101576,0
Crew_11396,Flt_101390,0
Crew_11396,Flt_101960,0
Crew_11396,Flt_100533,0
Crew_11396,Flt_100601,0
Crew_11396,Flt_101207,0
Crew_11396,Flt_101718,1
Crew_11396,ddh_100147,1
Crew_11861,Flt_101201,0
Crew_11861,Flt_100401,0
Crew_11861,Flt_100576,1
Crew_11861,Flt_101380,0
Crew_11861,Flt_101073,0
Crew_11861,Flt_101093,0
Crew_11861,Flt_101763,0
Crew_11861,Flt_101489,0
Crew_11861,Flt_101786,0
Crew_11861,ddh_100147,1
Crew_12524,Flt_101491,1
Crew_12524,Flt_101485,0
Crew_12524,Flt_101728,0
Crew_12524,Flt_101067,0
Crew_12524,Flt_100895,0
Crew_12524,Flt_100335,1
Crew_12524,Flt_100357,0
Crew_12524,Flt_100304,0
Crew_12524,Flt_100383,0
Crew_12524,ddh_101580,1
Crew_11362,Flt_101629,0
Crew_11362,Flt_101634,1
Crew_11362,Flt_100267,1
Crew_11362,Flt_101735,0
Crew_11362,Flt_101658,0
Crew_11362,Flt_100409,0
Crew_11362,Flt_101720,0
Crew_11362,Flt_106488,1
Crew_11753,Flt_101935,1
Crew_11753,Flt_101367,0
Crew_11753,Flt_102310,0
Crew_11753,Flt_101577,0
Crew_11753,Flt_100442,0
Crew_11753,Flt_101318,0
Crew_11753,Flt_101536,1
Crew_11753,Flt_101906,0
Crew_11753,Flt_101176,0
Crew_11166,Flt_100387,1
Crew_11166,Flt_101797,0
Crew_11166,Flt_100285,0
Crew_11166,Flt_102247,0
Crew_11166,Flt_100966,0
Crew_11166,Flt_100330,0
Crew_11698,ddh_100230,1
Crew_11698,ddh_100064,1
Crew_11698,Flt_101805,0
Crew_11698,Flt_101949,0
Crew_11698,Flt_102319,0
Crew_11698,Flt_102170,0
Crew_11698,Flt_100805,0
Crew_11698,Flt_102191,1
Crew_11698,Flt_105387,0
Crew_11698,Flt_106115,0
Crew_11698,ddh_101969,1
Crew_12372,ddh_100454,1
Crew_12372,ddh_100024,1
Crew_12372,Flt_100694,0
Crew_12372,Flt_100906,0
Crew_12372,ddh_102230,1
Crew_12372,Flt_100363,0
Crew_12372,Flt_101524,0
Crew_12372,Flt_100411,0
Crew_12372,Flt_100602,0
Crew_12372,Flt_106137,0
Crew_12372,ddh_100118,1
Crew_12364,ddh_101280,1
Crew_12364,Flt_101681,0
Crew_12364,Flt_101043,0
Crew_12364,Flt_101638,1
Crew_12364,Flt_102104,0
Crew_12364,Flt_100925,0
Crew_12364,ddh_100188,1
Crew_12364,Flt_103972,0
Crew_12364,Flt_103614,0
Crew_12364,ddh_100100,1
Crew_12517,Flt_100986,1
Crew_12517,Flt_102156,0
Crew_12517,Flt_100608,0
Crew_12517,Flt_100925,1
Crew_12517,Flt_101156,0
Crew_12517,Flt_101199,0
Crew_12517,Flt_100448,0
Crew_10220,Flt_101351,0
Crew_10220,Flt_100962,0
Crew_10220,ddh_100293,1
Crew_10220,Flt_101641,0
Crew_10220,Flt_100606,0
Crew_10220,Flt_100623,0
Crew_10220,Flt_101812,0
Crew_10220,Flt_101853,0
Crew_10220,Flt_101274,0
Crew_10220,Flt_103920,1
Crew_10122,ddh_100141,1
Crew_10122,Flt_101386,1
Crew_10122,Flt_102302,0
Crew_10122,Flt_100512,1
Crew_10122,Flt_100741,0
Crew_10122,Flt_105764,1
Crew_10122,Flt_103664,0
Crew_10122,ddh_100167,1
Crew_12459,ddh_101527,1
Crew_12459,Flt_100684,0
Crew_12459,Flt_102220,0
Crew_12459,Flt_100841,0
Crew_12459,Flt_100904,0
Crew_12459,Flt_102086,0
Crew_12459,Flt_101814,0
Crew_12459,ddh_102227,1
Crew_12459,Flt_104677,1
Crew_12459,Flt_105063,0
Crew_12459,ddh_100139,1
Crew_10919,Flt_101511,0
Crew_10919,Flt_101146,0
Crew_10919,Flt_101319,0
Crew_10919,Flt_101338,0
Crew_10919,Flt_100953,0
Crew_10919,Flt_106474,0
Crew_10919,Flt_104238,0
Crew_10919,Flt_104743,1
Crew_10794,ddh_101331,1
Crew_10794,ddh_100506,1
Crew_10794,ddh_100594,1
Crew_10794,ddh_101767,1
Crew_10794,ddh_100179,1
Crew_10794,Flt_100986,1
Crew_10794,Flt_101527,1
Crew_10794,Flt_101658,1
Crew_10794,Flt_101468,1
Crew_10794,Flt_101196,1
Crew_10794,Flt_106205,1
Crew_10794,ddh_100069,1
Crew_10794,Flt_104356,1
Crew_10794,ddh_100432,1
Crew_11704,Flt_101548,0
Crew_11704,Flt_100817,0
Crew_11704,Flt_100910,1
Crew_11704,Flt_101744,0
Crew_11704,Flt_101757,0
Crew_11704,Flt_100943,1
Crew_11704,Flt_101435,0
Crew_11704,Flt_103896,1
Crew_12443,ddh_100642,1
Crew_12443,ddh_100578,1
Crew_12443,ddh_100979,1
Crew_12443,Flt_101707,1
Crew_12443,Flt_101593,0
Crew_12443,Flt_100771,0
Crew_12443,Flt_101217,1
Crew_12443,ddh_100065,1
Crew_12443,ddh_100165,1
Crew_12443,ddh_100066,1
Crew_12443,Flt_102285,1
Crew_12443,ddh_101580,1
Crew_12443,ddh_100218,1
Crew_12443,ddh_101925,1
Crew_12443,ddh_102263,1
Crew_12443,ddh_101911,1
Crew_12052,Flt_101935,1
Crew_12052,Flt_101688,0
Crew_12052,Flt_102013,1
Crew_12052,Flt_101445,0
Crew_12052,Flt_102238,0
Crew_12052,Flt_100924,1
Crew_12052,Flt_100306,0
Crew_12052,Flt_101719,1
Crew_10547,Flt_100581,0
Crew_10547,Flt_102225,0
Crew_10547,Flt_102169,0
Crew_10547,Flt_101762,0
Crew_10547,Flt_101041,0
Crew_10547,ddh_102250,1
Crew_11559,ddh_100376,1
Crew_11559,ddh_101979,1
Crew_11559,Flt_102267,0
Crew_11559,Flt_100950,0
Crew_11559,Flt_102315,0
Crew_11559,Flt_100278,0
Crew_11559,ddh_100154,1
Crew_11559,ddh_101220,1
Crew_11559,Flt_103931,0
Crew_11559,Flt_103983,0
Crew_11559,Flt_104328,0
Crew_10254,ddh_102051,1
Crew_10254,Flt_101605,0
Crew_10254,Flt_100544,0
Crew_10254,ddh_101272,1
Crew_10254,Flt_103187,0
Crew_10254,Flt_106195,1
Crew_10254,Flt_105073,0
Crew_10254,ddh_100099,1
Crew_12404,Flt_101186,1
Crew_12404,Flt_106227,0
Crew_12404,ddh_101789,1
Crew_12404,Flt_105821,0
Crew_12404,ddh_102119,1
Crew_11631,Flt_100402,0
Crew_11631,Flt_100241,0
Crew_11631,Flt_100612,0
Crew_11631,Flt_101378,0
Crew_11631,Flt_102244,0
Crew_11631,Flt_100557,0
Crew_11631,Flt_101353,0
Crew_11631,Flt_105384,1
Crew_11072,ddh_100091,1
Crew_11072,ddh_100022,1
Crew_11072,Flt_102278,0
Crew_11072,Flt_100751,0
Crew_11072,Flt_100913,0
Crew_11072,Flt_100423,0
Crew_11072,Flt_105382,0
Crew_11072,Flt_105462,0
Crew_11072,Flt_103144,0
Crew_11072,Flt_102757,0
Crew_11072,ddh_100139,1
Crew_11634,Flt_101082,0
Crew_11634,Flt_100864,0
Crew_11634,Flt_103171,0
Crew_11634,Flt_104308,0
Crew_11634,ddh_101234,1
Crew_12119,Flt_100326,0
Crew_12119,Flt_100238,0
Crew_12119,Flt_101739,0
Crew_12119,Flt_101381,0
Crew_12119,ddh_100025,1
Crew_12119,Flt_100861,0
Crew_12119,Flt_101900,0
Crew_12119,Flt_101112,0
Crew_12119,Flt_101914,0
Crew_12119,ddh_100097,1
Crew_11292,ddh_100072,1
Crew_11292,Flt_101272,0
Crew_11292,Flt_101024,0
Crew_11292,Flt_100246,0
Crew_11292,Flt_102287,0
Crew_11292,Flt_102439,0
Crew_11292,Flt_105022,0
Crew_11292,Flt_104316,1
Crew_11292,Flt_105084,0
Crew_11292,Flt_106543,0
Crew_11292,ddh_100994,1
Crew_12464,Flt_102013,1
Crew_12464,Flt_102306,0
Crew_12464,Flt_100990,0
Crew_12464,Flt_100433,0
Crew_12464,Flt_101662,0
Crew_12464,Flt_101834,0
Crew_12464,Flt_101035,0
Crew_12464,Flt_105141,0
Crew_12464,Flt_104387,0
Crew_12464,Flt_104743,1
Crew_10899,ddh_101965,1
Crew_10899,Flt_101431,0
Crew_10899,Flt_100249,0
Crew_10899,ddh_101600,1
Crew_10899,Flt_100524,0
Crew_10899,Flt_101050,1
Crew_10178,Flt_100756,0
Crew_10178,Flt_105384,0
Crew_10178,ddh_100047,1
Crew_10178,Flt_104716,0
Crew_10178,Flt_105836,0
Crew_10880,ddh_102051,1
Crew_10880,Flt_102261,1
Crew_10880,Flt_100874,0
Crew_10880,Flt_100985,0
Crew_10880,Flt_100256,0
Crew_10880,Flt_102307,1
Crew_10880,Flt_100373,0
Crew_10880,Flt_100561,0
Crew_10880,Flt_100587,1
Crew_12189,ddh_102051,1
Crew_12189,Flt_100946,0
Crew_12189,Flt_101333,0
Crew_12189,Flt_102158,0
Crew_12189,Flt_102073,0
Crew_12189,Flt_100366,0
Crew_12189,Flt_101237,0
Crew_12189,Flt_101230,1
Crew_12189,ddh_101672,1
Crew_12189,Flt_103238,0
Crew_12189,Flt_103598,0
Crew_12189,ddh_100994,1
Crew_12127,ddh_100802,1
Crew_12127,ddh_101038,1
Crew_12127,Flt_101703,0
Crew_12127,Flt_100750,0
Crew_12127,Flt_101327,1
Crew_12127,Flt_102041,0
Crew_12127,Flt_103525,0
Crew_12127,Flt_102486,0
Crew_12127,Flt_105842,0
Crew_12127,Flt_102522,0
Crew_12127,Flt_104339,1
Crew_11332,Flt_101678,0
Crew_11332,Flt_101506,0
Crew_11332,Flt_100697,0
Crew_11332,Flt_101016,0
Crew_11332,Flt_102320,0
Crew_11332,Flt_102210,0
Crew_11332,Flt_102285,0
Crew_11332,ddh_101580,1
Crew_12338,ddh_101331,1
Crew_12338,ddh_101527,1
Crew_12338,Flt_101924,0
Crew_12338,Flt_100588,0
Crew_12338,ddh_100336,1
Crew_12338,Flt_100408,1
Crew_12338,Flt_100871,0
Crew_12338,Flt_102796,0
Crew_12338,ddh_100747,1
Crew_12338,Flt_105077,0
Crew_12338,Flt_103258,0
Crew_12338,ddh_100993,1
Crew_12338,ddh_102122,1
Crew_12338,Flt_105834,0
Crew_11495,ddh_100206,1
Crew_11495,Flt_101558,0
Crew_11495,Flt_101129,0
Crew_11495,Flt_101078,0
Crew_11495,Flt_100275,0
Crew_11495,Flt_101097,0
Crew_11495,Flt_101091,0
Crew_11495,ddh_100165,1
Crew_11495,Flt_104316,1
Crew_11495,Flt_102521,0
Crew_11495,Flt_104341,0
Crew_11495,Flt_106175,1
Crew_11463,Flt_101406,0
Crew_11463,Flt_100797,1
Crew_11463,Flt_100354,1
Crew_11463,Flt_101077,0
Crew_11463,Flt_102026,0
Crew_11463,Flt_101847,1
Crew_11463,Flt_101709,0
Crew_11463,Flt_103920,1
Crew_10275,Flt_101680,0
Crew_10275,Flt_100579,1
Crew_10275,Flt_101215,0
Crew_10275,Flt_100257,0
Crew_10275,Flt_101665,0
Crew_10275,Flt_102246,0
Crew_10275,Flt_100661,0
Crew_10275,Flt_101473,0
Crew_10275,ddh_100136,1
Crew_11752,ddh_102051,1
Crew_11752,Flt_101987,0
Crew_11752,Flt_101839,0
Crew_11752,Flt_101653,0
Crew_11752,Flt_100355,0
Crew_11752,ddh_100164,1
Crew_11752,ddh_100391,1
Crew_11752,Flt_102814,0
Crew_11752,Flt_104693,0
Crew_11752,Flt_103999,0
Crew_11752,ddh_100350,1
Crew_11502,ddh_100230,1
Crew_11502,Flt_100770,1
Crew_11502,Flt_101441,0
Crew_11502,Flt_101732,1
Crew_11502,Flt_101312,0
Crew_11502,Flt_100302,0
Crew_11502,Flt_102185,1
Crew_11502,Flt_102400,0
Crew_11502,ddh_100334,1
Crew_12538,Flt_101691,0
Crew_12538,Flt_101608,0
Crew_12538,Flt_100703,0
Crew_12538,Flt_100846,0
Crew_12538,Flt_102171,0
Crew_12538,Flt_101520,0
Crew_12538,Flt_100678,1
Crew_12538,Flt_101052,0
Crew_11360,Flt_101696,0
Crew_11360,Flt_101342,0
Crew_11360,Flt_102299,0
Crew_11360,Flt_101799,0
Crew_11360,Flt_101454,0
Crew_11360,Flt_101528,0
Crew_11360,Flt_100301,1
Crew_11360,Flt_100743,0
Crew_11360,ddh_100147,1
Crew_10641,ddh_100023,1
Crew_10641,Flt_101049,0
Crew_10641,Flt_101993,0
Crew_10641,Flt_102162,0
Crew_10641,Flt_101221,0
Crew_10641,Flt_101663,0
Crew_10641,Flt_102242,0
Crew_10641,Flt_102274,0
Crew_10641,Flt_106488,1
Crew_11221,ddh_100023,1
Crew_11221,Flt_101446,0
Crew_11221,Flt_101746,1
Crew_11221,Flt_100442,1
Crew_11221,Flt_102118,0
Crew_11221,Flt_102255,1
Crew_12587,Flt_101061,0
Crew_12587,Flt_100914,1
Crew_12587,Flt_100359,0
Crew_12587,ddh_102210,1
Crew_12587,Flt_100505,1
Crew_12587,Flt_102114,0
Crew_12587,Flt_103920,0
Crew_10557,Flt_100747,0
Crew_10557,Flt_101746,0
Crew_10557,Flt_100358,0
Crew_10557,Flt_101613,0
Crew_10964,Flt_100404,1
Crew_10964,Flt_101370,0
Crew_10964,Flt_101862,0
Crew_10964,Flt_101501,1
Crew_10964,Flt_101655,0
Crew_10964,Flt_101750,1
Crew_10964,Flt_101122,0
Crew_10964,Flt_102147,0
Crew_10964,Flt_102901,1
Crew_10151,Flt_100673,0
Crew_10151,Flt_100323,0
Crew_10151,Flt_102153,1
Crew_10151,Flt_100930,0
Crew_10151,Flt_102102,0
Crew_10151,Flt_102200,0
Crew_10151,Flt_101263,0
Crew_10151,Flt_100942,1
Crew_10151,ddh_100097,1
Crew_12337,Flt_100614,0
Crew_12337,Flt_100470,0
Crew_12337,Flt_101388,0
Crew_12337,ddh_100156,1
Crew_12337,Flt_101337,0
Crew_12337,Flt_105024,0
Crew_12337,ddh_100148,1
Crew_12430,Flt_100801,0
Crew_12430,Flt_101991,0
Crew_12430,Flt_102001,1
Crew_12430,Flt_101136,0
Crew_12430,Flt_100490,0
Crew_12430,Flt_101180,0
Crew_11570,ddh_102051,1
Crew_11570,Flt_101623,0
Crew_11570,Flt_101461,0
Crew_11570,Flt_101079,0
Crew_11570,Flt_101578,1
Crew_11570,Flt_105737,0
Crew_11570,Flt_103608,0
Crew_11570,Flt_103217,0
Crew_11570,Flt_103199,1
Crew_11570,ddh_101490,1
Crew_11449,ddh_100840,1
Crew_11449,Flt_101793,0
Crew_11449,Flt_100617,0
Crew_11449,Flt_102080,0
Crew_11449,Flt_101161,0
Crew_11449,Flt_102322,1
Crew_11449,ddh_101610,1
Crew_11449,Flt_106186,0
Crew_11449,ddh_100099,1
Crew_10891,Flt_101840,0
Crew_10891,Flt_101278,0
Crew_10891,Flt_101216,1
Crew_10891,Flt_102151,0
Crew_10891,Flt_100553,1
Crew_10891,Flt_102323,0
Crew_10891,Flt_101326,1
Crew_10891,Flt_100450,0
Crew_10891,Flt_102398,1
Crew_12121,Flt_100417,0
Crew_12121,ddh_100044,1
Crew_12121,Flt_101395,0
Crew_12121,Flt_101962,0
Crew_12121,Flt_100809,0
Crew_12121,Flt_100808,1
Crew_12121,Flt_104231,0
Crew_12121,Flt_103544,1
Crew_10845,Flt_102260,1
Crew_10845,Flt_101833,0
Crew_10845,Flt_101069,1
Crew_10845,Flt_100984,0
Crew_10845,Flt_100921,0
Crew_10845,Flt_101303,0
Crew_10845,ddh_100793,1
Crew_10845,Flt_100455,0
Crew_10845,Flt_101419,0
Crew_10845,Flt_100589,1
Crew_11855,Flt_100237,0
Crew_11855,Flt_100894,0
Crew_11855,Flt_102096,0
Crew_11855,Flt_100786,1
Crew_11855,Flt_100235,0
Crew_11855,Flt_101931,0
Crew_11855,Flt_105387,1
Crew_12537,Flt_102197,0
Crew_12537,Flt_100774,0
Crew_12537,Flt_102311,0
Crew_12537,Flt_100501,0
Crew_12537,Flt_101463,1
Crew_12537,Flt_101939,0
Crew_12537,Flt_105018,1
Crew_11459,ddh_101965,1
Crew_11459,Flt_102121,0
Crew_11459,Flt_101042,1
Crew_11459,Flt_100767,0
Crew_11459,Flt_102157,0
Crew_11459,Flt_101580,0
Crew_11459,ddh_100155,1
Crew_11459,ddh_100421,1
Crew_11459,Flt_105871,0
Crew_11364,Flt_101866,0
Crew_11364,Flt_100786,0
Crew_11364,Flt_100632,0
Crew_11364,Flt_101040,0
Crew_11364,Flt_104242,0
Crew_11364,ddh_100334,1
Crew_10597,ddh_100141,1
Crew_10597,Flt_100840,0
Crew_10597,Flt_101893,0
Crew_10597,Flt_101451,1
Crew_10597,Flt_101340,0
Crew_10597,Flt_101847,1
Crew_10597,Flt_106488,0
Crew_11809,Flt_101859,0
Crew_11809,Flt_101412,0
Crew_11809,Flt_100699,0
Crew_11809,Flt_101226,0
Crew_11809,Flt_101119,0
Crew_11809,Flt_100820,0
Crew_11809,Flt_102128,1
Crew_11234,ddh_102051,1
Crew_11234,Flt_101921,0
Crew_11234,Flt_100605,0
Crew_11234,Flt_100689,0
Crew_11234,Flt_102412,1
Crew_11234,Flt_102441,0
Crew_11234,Flt_104692,0
Crew_11234,ddh_102000,1
Crew_11234,Flt_104663,0
Crew_11234,Flt_104701,1
Crew_11770,Flt_100993,1
Crew_11770,Flt_101574,0
Crew_11770,Flt_102018,0
Crew_11770,Flt_100546,1
Crew_11770,Flt_101536,0
Crew_11770,Flt_100725,0
Crew_11770,Flt_100875,1
Crew_11770,Flt_101433,0
Crew_11770,Flt_103168,1
Crew_11770,Flt_103551,0
Crew_11770,ddh_100098,1
Crew_11008,Flt_100814,1
Crew_11008,Flt_101628,0
Crew_11008,Flt_100619,1
Crew_11008,Flt_100352,0
Crew_11008,Flt_100437,0
Crew_11008,Flt_100382,0
Crew_11008,Flt_102185,0
Crew_11008,Flt_105387,1
Crew_10274,Flt_100242,0
Crew_10274,Flt_101427,1
Crew_10274,Flt_101954,1
Crew_10274,Flt_100272,0
Crew_10274,Flt_101970,0
Crew_10274,Flt_101532,1
Crew_10274,Flt_102126,1
Crew_10274,Flt_102127,0
Crew_11862,Flt_101101,1
Crew_11862,Flt_102252,0
Crew_11862,Flt_101642,0
Crew_11862,Flt_101286,1
Crew_11862,Flt_101009,0
Crew_11862,Flt_101090,1
Crew_11862,Flt_101468,0
Crew_11862,Flt_100598,0
Crew_11862,Flt_102144,1
Crew_12135,Flt_101780,1
Crew_12135,Flt_101350,0
Crew_12135,Flt_100961,0
Crew_12135,Flt_101079,1
Crew_12135,Flt_101509,0
Crew_12135,Flt_102106,1
Crew_12135,Flt_100723,0
Crew_12135,Flt_100528,0
Crew_11957,ddh_100022,1
Crew_11957,Flt_101259,1
Crew_11957,Flt_101784,0
Crew_11957,ddh_100066,1
Crew_11957,Flt_101107,0
Crew_11957,ddh_100480,1
Crew_11957,Flt_103273,0
Crew_11957,Flt_103266,0
Crew_11957,Flt_105861,0
Crew_11957,ddh_100487,1
Crew_11676,ddh_100072,1
Crew_11676,Flt_101996,0
Crew_11676,Flt_101627,0
Crew_11676,Flt_101732,0
Crew_11676,Flt_100909,1
Crew_11676,Flt_105014,0
Crew_11676,Flt_102401,1
Crew_11676,Flt_104316,1
Crew_11676,Flt_105864,0
Crew_11676,ddh_100340,1
Crew_10701,ddh_101721,1
Crew_10701,Flt_100388,0
Crew_10701,Flt_100603,0
Crew_10701,Flt_101022,1
Crew_10701,Flt_101160,0
Crew_10701,Flt_100493,0
Crew_10701,Flt_101770,1
Crew_10701,Flt_101467,0
Crew_10701,ddh_100097,1
Crew_10987,ddh_100241,1
Crew_10987,Flt_101808,0
Crew_10987,Flt_101743,0
Crew_10987,ddh_100187,1
Crew_10987,Flt_101397,0
Crew_10987,Flt_100506,0
Crew_10987,Flt_104265,0
Crew_10987,Flt_102426,1
Crew_12222,Flt_101181,0
Crew_12222,Flt_100814,1
Crew_12222,Flt_101800,0
Crew_12222,Flt_100795,0
Crew_12222,Flt_100644,0
Crew_12222,Flt_102255,1
Crew_12222,Flt_101690,0
Crew_12222,Flt_102901,1
Crew_12046,Flt_101194,0
Crew_12046,Flt_100964,0
Crew_12046,Flt_102101,0
Crew_12046,Flt_101448,1
Crew_12046,Flt_100408,1
Crew_12046,Flt_101356,0
Crew_12046,Flt_101490,0
Crew_12046,Flt_105387,1
Crew_11258,Flt_100798,1
Crew_11258,Flt_101407,0
Crew_11258,Flt_100610,0
Crew_11258,Flt_100720,0
Crew_11258,Flt_101238,1
Crew_11258,Flt_101598,0
Crew_11258,Flt_101484,0
Crew_11258,Flt_102901,1
Crew_10293,ddh_100022,1
Crew_10293,Flt_102275,0
Crew_10293,Flt_101700,0
Crew_10293,Flt_101070,0
Crew_10293,Flt_101817,0
Crew_10293,Flt_102498,1
Crew_10293,Flt_106165,0
Crew_10293,ddh_100119,1
Crew_11743,Flt_101846,0
Crew_11743,Flt_101716,1
Crew_11743,Flt_101186,0
Crew_11743,Flt_103906,0
Crew_11743,Flt_104288,0
Crew_11743,Flt_103568,1
Crew_11743,Flt_106519,0
Crew_10482,Flt_100827,1
Crew_10482,Flt_101995,0
Crew_10482,Flt_100793,0
Crew_10482,ddh_100445,1
Crew_10482,Flt_100966,1
Crew_10482,Flt_100396,0
Crew_10482,Flt_101596,1
Crew_12500,Flt_101025,1
Crew_12500,Flt_100403,0
Crew_12500,Flt_100416,0
Crew_12500,Flt_100661,1
Crew_12500,Flt_102054,0
Crew_12500,Flt_101545,1
Crew_10381,ddh_101721,1
Crew_10381,Flt_101494,0
Crew_10381,ddh_101683,1
Crew_10381,Flt_100905,0
Crew_10381,Flt_100358,1
Crew_10381,Flt_101883,0
Crew_10381,ddh_100106,1
Crew_10381,Flt_101365,0
Crew_10381,Flt_103241,1
Crew_10972,ddh_100023,1
Crew_10972,Flt_101028,0
Crew_10972,Flt_100773,0
Crew_10972,Flt_100996,1
Crew_10972,Flt_100727,1
Crew_10972,Flt_102330,0
Crew_10972,Flt_101978,1
Crew_10972,Flt_101925,0
Crew_10972,ddh_100097,1
Crew_12199,ddh_100141,1
Crew_12199,Flt_101787,1
Crew_12199,Flt_101324,0
Crew_12199,ddh_100144,1
Crew_12199,ddh_101272,1
Crew_12199,Flt_104258,0
Crew_12199,Flt_106157,0
Crew_12199,ddh_100109,1
Crew_11656,ddh_102225,1
Crew_11656,ddh_100759,1
Crew_11656,Flt_101612,0
Crew_11656,ddh_100837,1
Crew_11656,Flt_100706,0
Crew_11656,ddh_100154,1
Crew_11656,Flt_103184,1
Crew_11656,Flt_106521,0
Crew_11656,Flt_105834,1
Crew_10205,Flt_101451,1
Crew_10205,Flt_101455,0
Crew_10205,Flt_100391,1
Crew_10205,Flt_104631,0
Crew_10205,ddh_101272,1
Crew_10205,Flt_105425,0
Crew_10934,Flt_100690,0
Crew_10934,Flt_100413,1
Crew_10934,Flt_100788,0
Crew_10934,Flt_101241,1
Crew_10934,Flt_101773,0
Crew_10934,ddh_100086,1
Crew_10934,Flt_103522,1
Crew_10934,Flt_104980,0
Crew_10934,Flt_102426,1
Crew_10920,ddh_101722,1
Crew_10920,Flt_101026,0
Crew_10920,Flt_102161,1
Crew_10920,Flt_101965,0
Crew_10920,Flt_100759,0
Crew_10920,Flt_100808,1
Crew_11219,ddh_102225,1
Crew_11219,Flt_102055,1
Crew_11219,Flt_101147,0
Crew_11219,Flt_104641,1
Crew_11219,Flt_103239,0
Crew_11219,Flt_105466,1
Crew_11219,Flt_102857,0
Crew_11219,ddh_101478,1
Crew_10525,ddh_100073,1
Crew_10525,Flt_101109,0
Crew_10525,Flt_101211,1
Crew_10525,Flt_100426,0
Crew_10525,Flt_102105,1
Crew_10525,Flt_100802,0
Crew_10525,Flt_100942,1
Crew_10525,ddh_100097,1
Crew_10148,Flt_102065,1
Crew_10148,Flt_101624,0
Crew_10148,Flt_102076,1
Crew_10148,Flt_101582,0
Crew_10148,Flt_101783,0
Crew_10148,Flt_102143,1
Crew_12373,Flt_101787,1
Crew_12373,Flt_101080,0
Crew_12373,Flt_102091,0
Crew_12373,Flt_101533,1
Crew_12373,Flt_102288,0
Crew_12373,Flt_101851,1
Crew_12373,Flt_105735,1
Crew_11693,ddh_100141,1
Crew_11693,Flt_101740,1
Crew_11693,Flt_100335,0
Crew_11693,Flt_102218,0
Crew_11693,Flt_104275,0
Crew_11693,Flt_102426,1
Crew_10889,ddh_100759,1
Crew_10889,Flt_100744,0
Crew_10889,Flt_101172,1
Crew_10889,Flt_100647,1
Crew_10889,Flt_102398,0
Crew_10889,ddh_101272,1
Crew_10889,Flt_103226,0
Crew_10889,Flt_105842,1
Crew_10889,Flt_105869,0
Crew_10889,ddh_100857,1
Crew_12062,ddh_102051,1
Crew_12062,Flt_102137,0
Crew_12062,Flt_101936,0
Crew_12062,Flt_100620,1
Crew_12062,Flt_100487,0
Crew_12062,Flt_100364,0
Crew_12062,Flt_100955,1
Crew_11091,Flt_100372,0
Crew_11091,Flt_101998,0
Crew_11091,Flt_103521,0
Crew_11091,ddh_101901,1
Crew_11091,Flt_104334,0
Crew_11091,ddh_100118,1
Crew_10517,ddh_100802,1
Crew_10517,ddh_101761,1
Crew_10517,Flt_100521,0
Crew_10517,Flt_100395,0
Crew_10517,Flt_101953,1
Crew_10517,Flt_104641,1
Crew_10517,Flt_106169,0
Crew_10517,Flt_106231,0
Crew_10517,Flt_106221,1
Crew_12558,Flt_101297,0
Crew_12558,ddh_100034,1
Crew_12558,Flt_102318,1
Crew_12558,Flt_101003,0
Crew_12558,Flt_100951,1
Crew_12558,Flt_101984,0
Crew_12558,Flt_100736,1
Crew_12558,Flt_104236,0
Crew_12558,ddh_101771,1
Crew_12558,Flt_105059,1
Crew_10516,ddh_100229,1
Crew_10516,Flt_101725,0
Crew_10516,Flt_101284,0
Crew_10516,Flt_101537,1
Crew_10516,Flt_100777,0
Crew_10516,Flt_101419,1
Crew_10516,Flt_100589,0
Crew_10516,Flt_104239,1
Crew_10516,Flt_105070,1
Crew_11434,ddh_100176,1
Crew_11434,Flt_101879,0
Crew_11434,Flt_101500,1
Crew_11434,Flt_101523,0
Crew_11434,ddh_100046,1
Crew_11434,Flt_100736,0
Crew_11434,Flt_102398,1
Crew_12229,ddh_100968,1
Crew_12229,Flt_101250,0
Crew_12229,Flt_100582,1
Crew_12229,Flt_101875,0
Crew_12229,Flt_101145,1
Crew_12229,Flt_101305,0
Crew_12229,Flt_100726,1
Crew_12229,Flt_100407,1
Crew_11989,Flt_101431,1
Crew_11989,Flt_101032,0
Crew_11989,Flt_101833,1
Crew_11989,Flt_100415,0
Crew_11989,Flt_100714,0
Crew_11989,Flt_100397,1
Crew_11989,Flt_100967,0
Crew_11989,Flt_103920,1
Crew_10295,Flt_100281,0
Crew_10295,Flt_106142,0
Crew_10295,Flt_103971,0
Crew_10295,ddh_100149,1
Crew_10125,ddh_101596,1
Crew_10125,Flt_102204,0
Crew_10125,Flt_101439,0
Crew_10125,Flt_101154,1
Crew_10125,Flt_103229,1
Crew_10125,Flt_106185,0
Crew_10125,ddh_100431,1
Crew_10125,ddh_100857,1
Crew_10467,ddh_100022,1
Crew_10467,Flt_100798,0
Crew_10467,Flt_101407,1
Crew_10467,Flt_101505,0
Crew_10467,Flt_102103,0
Crew_10467,ddh_100078,1
Crew_10467,Flt_104010,0
Crew_11655,Flt_100814,1
Crew_11655,Flt_101553,0
Crew_11655,Flt_102172,0
Crew_11655,Flt_101826,1
Crew_11655,Flt_101417,0
Crew_11655,ddh_102250,1
Crew_11413,Flt_100510,0
Crew_11413,Flt_102071,0
Crew_11413,Flt_100566,0
Crew_11413,Flt_101668,1
Crew_11413,Flt_100461,1
Crew_11413,Flt_100462,0
Crew_11413,Flt_105400,1
Crew_11413,Flt_105070,1
Crew_10697,ddh_100454,1
Crew_10697,Flt_101619,1
Crew_10697,Flt_101693,0
Crew_10697,Flt_100704,1
Crew_10697,Flt_104641,1
Crew_10697,Flt_102532,0
Crew_10697,Flt_102850,1
Crew_10697,Flt_105818,1
Crew_11052,Flt_100668,1
Crew_11052,Flt_100669,0
Crew_11052,Flt_102314,1
Crew_11052,Flt_102094,1
Crew_11052,Flt_100784,0
Crew_11052,Flt_101528,1
Crew_11052,Flt_101978,1
Crew_11052,Flt_101249,0
Crew_11052,Flt_103920,1
Crew_10114,ddh_101275,1
Crew_10114,Flt_101279,0
Crew_10114,Flt_102166,0
Crew_10114,Flt_100587,1
Crew_10154,Flt_101701,1
Crew_10154,Flt_100992,0
Crew_10154,Flt_101290,1
Crew_10154,Flt_100920,0
Crew_10154,Flt_100858,1
Crew_11316,Flt_104639,1
Crew_11316,Flt_104358,0
Crew_11316,ddh_101234,1
Crew_10886,Flt_100519,1
Crew_10886,Flt_105783,1
Crew_10886,Flt_105019,0
Crew_10886,Flt_102850,1
Crew_10886,Flt_105818,1
Crew_10640,ddh_100091,1
Crew_10640,Flt_101885,1
Crew_10640,Flt_100779,0
Crew_10640,Flt_102118,1
Crew_10640,Flt_105735,1
Crew_10093,ddh_102051,1
Crew_10093,Flt_101592,0
Crew_10093,Flt_100544,1
Crew_10093,Flt_104632,1
Crew_10093,Flt_103986,1
Crew_10093,Flt_103201,0
Crew_12445,ddh_100142,1
Crew_12445,ddh_100073,1
Crew_12445,Flt_101264,0
Crew_12445,Flt_101075,1
Crew_12445,Flt_100549,0
Crew_12445,Flt_100858,1
Crew_12044,ddh_100142,1
Crew_12044,Flt_100814,1
Crew_12044,Flt_101413,0
Crew_12044,ddh_100144,1
Crew_12044,ddh_100025,1
Crew_12044,Flt_100932,0
Crew_12044,Flt_101050,1
